"","category","item","CohesionScore","LabelCohesionScore"
"1","Accessories","apron",0.33321789275915,0.199736647775098
"2","Accessories","backpack",0.355084718558167,0.283939970972436
"3","Accessories","bandana",0.416345420332013,0.335529665475074
"4","Accessories","belt",0.371042869517458,0.342733768892128
"5","Accessories","bib",0.383288389894763,0.244414954536702
"6","Accessories","bracelet",0.40489759720616,0.409139901210164
"7","Accessories","cane",0.327935364822373,0.243258041914616
"8","Accessories","cast",0.310370902873673,0.307898396442171
"9","Accessories","collar",0.419545370729237,0.379807960375766
"10","Accessories","crutches",0.288701152388123,0.165926665718409
"11","Accessories","diaper",0.314813629918785,0.078939119003276
"12","Accessories","earmuffs",0.389531599576232,0.325909278585114
"13","Accessories","earrings",0.371427712931896,0.343639269826732
"14","Accessories","glasses",0.358855733514448,0.303662300327374
"15","Accessories","glove",0.340153010158411,0.235256817036694
"16","Accessories","handcuffs",0.362505235304091,0.288857703774355
"17","Accessories","hat",0.38010911235527,0.323188876282143
"18","Accessories","helmet",0.35200047744751,0.165776592061969
"19","Accessories","necklace",0.412098268861132,0.359889855112512
"20","Accessories","pipe",0.335403711698509,0.348962845714147
"21","Accessories","purse",0.409216099029727,0.415908162909552
"22","Accessories","ring",0.378270160309089,0.308833143677522
"23","Accessories","scarf",0.411237500110593,0.284892437912719
"24","Accessories","sunglasses",0.362846272376464,0.247087226197318
"25","Accessories","suspenders",0.374586708423398,0.393151425692171
"26","Accessories","tiara",0.325202021688432,0.289126398834289
"27","Accessories","tie",0.370563797349088,0.356374906307607
"28","Accessories","umbrella",0.33085980387123,0.226859715979959
"29","Accessories","walker",0.192675042332925,0.0668323447941932
"30","Accessories","wallet",0.354897744659064,0.319707097005299
"31","Accessories","watch",0.29069834541321,0.300788378653545
"32","Accessories","wig",0.364138092589199,0.147084735122009
"33","Bathroom Items and Toiletries","bathroom",0.33603353752571,0.433087759777574
"34","Bathroom Items and Toiletries","brush",0.404846186180321,0.0853676781344389
"35","Bathroom Items and Toiletries","comb",0.413672368254826,0.0579250616464696
"36","Bathroom Items and Toiletries","faucet",0.379980778086012,0.155977479682496
"37","Bathroom Items and Toiletries","lipstick",0.31862403132617,0.141377910208941
"38","Bathroom Items and Toiletries","mascara",0.346411933309144,0.137535661599167
"39","Bathroom Items and Toiletries","nail clipper",0.378917324261747,0.0302629631203671
"40","Bathroom Items and Toiletries","nail polish",0.370706323493394,0.196937458741734
"41","Bathroom Items and Toiletries","plunger",0.374064244994659,0.197905744740432
"42","Bathroom Items and Toiletries","razor",0.311884550944263,0.0564721454123042
"43","Bathroom Items and Toiletries","shaving cream",0.400450723459054,0.198142097540104
"44","Bathroom Items and Toiletries","shower",0.331623991333233,0.151117338482734
"45","Bathroom Items and Toiletries","sink",0.392731312646381,0.182132624037612
"46","Bathroom Items and Toiletries","tile",0.313486940896956,0.122065619757388
"47","Bathroom Items and Toiletries","toilet",0.349228233023354,0.370694455899859
"48","Bathroom Items and Toiletries","toilet paper",0.387665592285782,0.336106309112589
"49","Bathroom Items and Toiletries","toothbrush",0.443386890845826,0.214743761278827
"50","Bathroom Items and Toiletries","toothpaste",0.36819713179657,0.0880155089131778
"51","Bathroom Items and Toiletries","towel",0.318631010653599,0.166670249237755
"52","Bathroom Items and Toiletries","tweezers",0.356723077743289,0.00743511327981272
"53","Birds","chick",0.383530792853058,0.465099889143137
"54","Birds","dove",0.336658043627164,0.340921291966841
"55","Birds","duck",0.346497014557593,0.388757613091943
"56","Birds","flamingo",0.414845715997313,0.414114335715729
"57","Birds","hummingbird",0.448875315150146,0.524407526602593
"58","Birds","ostrich",0.418856646719931,0.44619578681793
"59","Birds","owl",0.394418476309646,0.486015699104368
"60","Birds","parrot",0.420759911254272,0.54426289142015
"61","Birds","peacock",0.448205503190891,0.455361103273519
"62","Birds","pelican",0.421499894193507,0.491554937812179
"63","Birds","penguin",0.404372259234661,0.484035332505683
"64","Birds","pigeons",0.431009167615752,0.668453769882592
"65","Birds","rooster",0.389549397944942,0.441202901548808
"66","Birds","seagull",0.446838908444445,0.498849630623112
"67","Birds","swan",0.414391766630844,0.368677903845425
"68","Birds","turkey",0.317286407017025,0.423554453650458
"69","Birds","vulture",0.388880889573175,0.454981320654132
"70","Birds","woodpecker",0.439992920589528,0.520875286470587
"71","Body Parts","antler",0.31504893045755,0.375946283977218
"72","Body Parts","arm",0.408608711934932,0.454391538632888
"73","Body Parts","beak",0.397534979349901,0.341781190557837
"74","Body Parts","beard",0.337087756737414,0.23485376593299
"75","Body Parts","black eye",0.374531741137614,0.311952083139828
"76","Body Parts","bone",0.383213797870096,0.380720714504415
"77","Body Parts","brain",0.357082617200214,0.521856043057445
"78","Body Parts","bruise",0.346722904984823,0.306559719410576
"79","Body Parts","chest",0.419966414988194,0.479661477569852
"80","Body Parts","chin",0.40009703322442,0.328008337823884
"81","Body Parts","ear",0.426939016384546,0.447523067299994
"82","Body Parts","elbow",0.363665037150739,0.379511069464607
"83","Body Parts","eye",0.421791135225988,0.395089463718252
"84","Body Parts","feather",0.353090632599655,0.282702056460918
"85","Body Parts","fin",0.272376083869372,0.21847938044774
"86","Body Parts","finger",0.415974630698943,0.444405247615056
"87","Body Parts","fist",0.398515038480743,0.397089448951015
"88","Body Parts","foot",0.437787193787413,0.460354796551681
"89","Body Parts","hair",0.401724423973248,0.474622290258287
"90","Body Parts","hand",0.389815357672656,0.469551325357866
"91","Body Parts","hoof",0.318695200707886,0.297023370753831
"92","Body Parts","horn",0.341885507868088,0.343449715189756
"93","Body Parts","lips",0.401700942150547,0.497732601384774
"94","Body Parts","lungs",0.338187173788648,0.446243134892836
"95","Body Parts","mane",0.295556922319699,0.250862540874364
"96","Body Parts","mustache",0.324420118337577,0.290609432101453
"97","Body Parts","neck",0.423423209916265,0.452592833128938
"98","Body Parts","nose",0.374234789474491,0.41174616803419
"99","Body Parts","skull",0.374871930098056,0.445575495097617
"100","Body Parts","spot",0.311745579057465,0.213213456675907
"101","Body Parts","stomach",0.37550089105927,0.445385555284314
"102","Body Parts","tail",0.370804470541251,0.306161210105612
"103","Body Parts","tattoo",0.341386988887506,0.336180482264418
"104","Body Parts","tear",0.335289590311521,0.309086178781339
"105","Body Parts","thumb",0.40728090782271,0.338418130240353
"106","Body Parts","toes",0.36902350349853,0.519663258978144
"107","Body Parts","tongue",0.398861623385528,0.390376668893587
"108","Body Parts","tooth",0.375253457296569,0.260357123282686
"109","Body Parts","trunk",0.379490389556161,0.451304399275359
"110","Body Parts","wing",0.360241825580499,0.329218322488543
"111","Body Parts","wrist",0.417684958587264,0.367164590906223
"112","Clothing","armor",0.351707584673123,0.419456049504073
"113","Clothing","boot",0.398221445959917,0.360686583098
"114","Clothing","button",0.296684593612203,0.264866912516532
"115","Clothing","dress",0.480114291549088,0.646933132659667
"116","Clothing","heel",0.361279044412404,0.243095822217013
"117","Clothing","jacket",0.485364096708596,0.569385825315652
"118","Clothing","jeans",0.413225997663162,0.569266624679584
"119","Clothing","pants",0.450554568777473,0.564473303501633
"120","Clothing","pocket",0.388061602892927,0.346926586453108
"121","Clothing","raincoat",0.380565720191019,0.465374731816027
"122","Clothing","robe",0.476721537243904,0.618739764436009
"123","Clothing","sandals",0.342532960351463,0.375483474565441
"124","Clothing","shirt",0.43056858114411,0.560699848509279
"125","Clothing","shoe",0.454097257033651,0.488600682694282
"126","Clothing","shoelace",0.417374370345223,0.372840828166543
"127","Clothing","sleeve",0.427053770361528,0.406486587807245
"128","Clothing","slippers",0.361728777506422,0.33140786998758
"129","Clothing","sock",0.40409550146869,0.322497145247085
"130","Clothing","suit",0.407778205110276,0.52690493474515
"131","Clothing","sweater",0.450859600906679,0.471503943527015
"132","Clothing","underwear",0.42614963069595,0.63016756373476
"133","Clothing","vest",0.438269320655041,0.516202260807254
"134","Clothing","zipper",0.406574102107313,0.356728018849647
"135","Food","bacon",0.366602559842426,0.374334323177163
"136","Food","bagel",0.348759137376939,0.324814920705796
"137","Food","biscuits",0.404433150918481,0.466086333686756
"138","Food","bread",0.40953968330581,0.537833868631001
"139","Food","breakfast",0.349055041644046,0.511382997286197
"140","Food","butter",0.37370368653662,0.367741399744984
"141","Food","cake",0.40962788293408,0.482312425457121
"142","Food","candy",0.382734165624492,0.462501977635214
"143","Food","champagne",0.27175236224994,0.215088202471471
"144","Food","cheese",0.388771650616496,0.483522451872683
"145","Food","chocolate",0.369090102043943,0.419903833148
"146","Food","cookies",0.367959219148797,0.418453195331846
"147","Food","cotton candy",0.29683982470965,0.339272357092796
"148","Food","crackers",0.371407358683135,0.397289355519143
"149","Food","croissant",0.297431352496115,0.251060133300342
"150","Food","cupcake",0.357323765535565,0.317309660849552
"151","Food","dough",0.356286554043173,0.448883973070926
"152","Food","egg",0.37033533201826,0.429081796477099
"153","Food","egg rolls",0.35678440340677,0.363030087036689
"154","Food","honey",0.354448774010958,0.325380691704439
"155","Food","hotdog",0.305451197827152,0.281053822587737
"156","Food","ketchup",0.336623433357053,0.274139351717517
"157","Food","mustard",0.333255151529449,0.256404780157952
"158","Food","pancakes",0.369560265855706,0.379637510022964
"159","Food","peanuts",0.366036006097999,0.402362045247339
"160","Food","pickles",0.30311742087612,0.279928974457025
"161","Food","pie",0.370707493489872,0.455735362438903
"162","Food","pizza",0.374986270755374,0.534369424323381
"163","Food","popcorn",0.340496572979323,0.297392811158622
"164","Food","pretzel",0.37298558943378,0.34232398027533
"165","Food","rice",0.339511112643397,0.458331649891046
"166","Food","salad",0.353928668096064,0.432314301793898
"167","Food","sandwich",0.37983346208197,0.44488573288887
"168","Food","shrimp",0.347779006720563,0.379103307582378
"169","Food","soup",0.365942407463092,0.454629476048023
"170","Food","spaghetti",0.354436305456957,0.365337347686229
"171","Food","steak",0.363385334464088,0.468536088091875
"172","Food","sugar",0.34359197830787,0.359683717416227
"173","Food","sushi",0.334803313758497,0.417533809395784
"174","Food","syrup",0.35845436764362,0.299548054942263
"175","Food","teabag",0.284461865671291,0.287233071174307
"176","Food","waffles",0.349602663714313,0.343859503504961
"177","Food","wine",0.301172607793954,0.412160225896424
"178","Fruits & Vegetables","apple",0.337262662773833,0.352204180643552
"179","Fruits & Vegetables","asparagus",0.330983670230015,0.342097955330793
"180","Fruits & Vegetables","avocado",0.310234238339887,0.330581745847111
"181","Fruits & Vegetables","banana",0.406597880881209,0.353066589080227
"182","Fruits & Vegetables","blueberry",0.363189594815525,0.30104147931148
"183","Fruits & Vegetables","broccoli",0.376768236672415,0.489085411347538
"184","Fruits & Vegetables","carrot",0.364240024698034,0.495008129062884
"185","Fruits & Vegetables","cauliflower",0.340956396879621,0.407118312707296
"186","Fruits & Vegetables","celery",0.353127086402033,0.417905377001809
"187","Fruits & Vegetables","cherries",0.333469599170576,0.373402435407425
"188","Fruits & Vegetables","coconut",0.401146725632717,0.315095953726213
"189","Fruits & Vegetables","corn",0.346908307002613,0.399451895835437
"190","Fruits & Vegetables","cucumber",0.341811310013337,0.474089172446768
"191","Fruits & Vegetables","eggplant",0.341330186587967,0.446231378907936
"192","Fruits & Vegetables","garlic",0.320530987800799,0.30549690074915
"193","Fruits & Vegetables","ginger",0.307046726556124,0.156408136595021
"194","Fruits & Vegetables","grapes",0.365197069028632,0.487280275113613
"195","Fruits & Vegetables","kiwi",0.347398718599191,0.365538196275256
"196","Fruits & Vegetables","lemon",0.390735335255204,0.313433500791779
"197","Fruits & Vegetables","lime",0.365347692216175,0.289416323799161
"198","Fruits & Vegetables","onion",0.351782391925846,0.311518672175366
"199","Fruits & Vegetables","orange",0.373903369795941,0.331614338744128
"200","Fruits & Vegetables","pear",0.336354464028068,0.358024466987829
"201","Fruits & Vegetables","peas",0.368972692813779,0.392750355197759
"202","Fruits & Vegetables","pineapple",0.381455586067667,0.370696267461972
"203","Fruits & Vegetables","plum",0.346595692840975,0.359569667467854
"204","Fruits & Vegetables","potato",0.34596645142718,0.305509202585766
"205","Fruits & Vegetables","pumpkin",0.37364414516221,0.31333473705547
"206","Fruits & Vegetables","raspberry",0.382013631950543,0.263090829745174
"207","Fruits & Vegetables","strawberry",0.376959425535092,0.313741666897879
"208","Fruits & Vegetables","tomato",0.354954258192434,0.401086406389767
"209","Fruits & Vegetables","watermelon",0.40643766796907,0.496911236998835
"210","Furnishings & Decor","ashtray",0.304599114070717,0.210671972244622
"211","Furnishings & Decor","barrel",0.307481881746574,0.181033217263522
"212","Furnishings & Decor","bed",0.35670163736862,0.293945564663973
"213","Furnishings & Decor","bench",0.35398224874586,0.258382306502036
"214","Furnishings & Decor","calendar",0.258775928346652,0.230819948779334
"215","Furnishings & Decor","candle",0.333353198541432,0.219665975795753
"216","Furnishings & Decor","chair",0.357977822584963,0.303971959746122
"217","Furnishings & Decor","chandelier",0.346847688365123,0.400930939316787
"218","Furnishings & Decor","clock",0.321358327824544,0.161243543741998
"219","Furnishings & Decor","crib",0.361056337437013,0.297757646324195
"220","Furnishings & Decor","curtains",0.302355548870406,0.327621842441465
"221","Furnishings & Decor","desk",0.370647773419319,0.365599570836703
"222","Furnishings & Decor","disco ball",0.283243096237526,0.256595784315193
"223","Furnishings & Decor","dresser",0.372308406011352,0.411604461143261
"224","Furnishings & Decor","fan",0.246600293295031,0.130057422090313
"225","Furnishings & Decor","hammock",0.266761079087702,0.179330254492849
"226","Furnishings & Decor","high chair",0.331632699183791,0.294811510672153
"227","Furnishings & Decor","jukebox",0.278267965533192,0.194480924737211
"228","Furnishings & Decor","lamp",0.364656808788657,0.300276841601892
"229","Furnishings & Decor","magazines",0.265987320697455,0.229321203380862
"230","Furnishings & Decor","mattress",0.347865173375921,0.259489927652246
"231","Furnishings & Decor","mirror",0.251966761880407,0.0938065609151777
"232","Furnishings & Decor","piggy bank",0.272566436382873,0.173985927598787
"233","Furnishings & Decor","pillow",0.340425207980226,0.276711675517766
"234","Furnishings & Decor","radio",0.288609902963968,0.158684326590201
"235","Furnishings & Decor","record player",0.279725684951235,0.182252208551583
"236","Furnishings & Decor","rocking chair",0.333498724594042,0.33737525211506
"237","Furnishings & Decor","rug",0.344789337753925,0.366232834230748
"238","Furnishings & Decor","safe",0.219673956559464,0.173053757910932
"239","Furnishings & Decor","speaker",0.32210195081461,0.213195972599763
"240","Furnishings & Decor","stocking",0.292284761089313,0.229787237188087
"241","Furnishings & Decor","stool",0.352893635547092,0.264713929286427
"242","Furnishings & Decor","table",0.353078917462267,0.351968440239998
"243","Furnishings & Decor","tray",0.340197880644539,0.239185972165442
"244","Furnishings & Decor","treadmill",0.272571625089945,0.133972282230775
"245","Furnishings & Decor","vase",0.308946266882289,0.247408100989221
"246","Furnishings & Decor","wreath",0.30814011555532,0.395839752792463
"247","Kitchen Items","bag",0.379857274405324,0.310975948916094
"248","Kitchen Items","basket",0.33837669395331,0.286632461407995
"249","Kitchen Items","blender",0.312235748418179,0.340554628900641
"250","Kitchen Items","bottle",0.379137340702592,0.300745757997527
"251","Kitchen Items","bowl",0.384114976607406,0.266056532750139
"252","Kitchen Items","cabinet",0.332601092217146,0.462716023052747
"253","Kitchen Items","can",0.14441032119945,0.104037047443801
"254","Kitchen Items","can opener",0.345946888127128,0.376713208120256
"255","Kitchen Items","chopsticks",0.346603873723053,0.326197888511353
"256","Kitchen Items","cooler",0.267731061197581,0.213684438953154
"257","Kitchen Items","cork",0.246960779212355,0.162310679313981
"258","Kitchen Items","cup",0.395427344082697,0.267774022682387
"259","Kitchen Items","drawer",0.359694974646666,0.352906347068731
"260","Kitchen Items","flask",0.30617054770918,0.18569209150609
"261","Kitchen Items","fork",0.369450157582015,0.22098408485754
"262","Kitchen Items","grill",0.338157952804041,0.36242292543727
"263","Kitchen Items","jar",0.36652111528607,0.24258691993738
"264","Kitchen Items","kitchen",0.303344839807408,0.781692537939134
"265","Kitchen Items","knife",0.398701477192591,0.367143337291448
"266","Kitchen Items","ladle",0.437460712955768,0.393058692163514
"267","Kitchen Items","measuring cup",0.280109325670239,0.248395336007123
"268","Kitchen Items","nutcracker",0.305858791432739,0.19658674155015
"269","Kitchen Items","plate",0.386774010432933,0.355654410498267
"270","Kitchen Items","refrigerator",0.309200025532631,0.353620472076159
"271","Kitchen Items","rolling pin",0.328072595230085,0.242095808620883
"272","Kitchen Items","spatula",0.367738259271502,0.389740933436363
"273","Kitchen Items","spoon",0.408151947271,0.280008021888994
"274","Kitchen Items","straw",0.343125677433127,0.163324312747355
"275","Kitchen Items","teapot",0.323998603157609,0.219933388512896
"276","Kitchen Items","toaster",0.316034047368591,0.331133498565717
"277","Kitchen Items","toothpick",0.40064763229123,0.269161103885093
"278","Mammals","bat",0.375916682920276,0.373880362372847
"279","Mammals","bear",0.380043374727282,0.246434490502117
"280","Mammals","bull",0.335984086434339,0.30302923993684
"281","Mammals","camel",0.345119045039765,0.35250274542428
"282","Mammals","cat",0.401386107016767,0.333890048560642
"283","Mammals","cow",0.40091930363773,0.439352003584087
"284","Mammals","deer",0.389524561867061,0.392196440157802
"285","Mammals","dog",0.400219948586631,0.339630225227052
"286","Mammals","dolphin",0.313747533161084,0.419257456118275
"287","Mammals","elephant",0.420250792570752,0.382987198049331
"288","Mammals","fox",0.318148438696251,0.283539646182727
"289","Mammals","giraffe",0.343488795024577,0.371320880909767
"290","Mammals","goat",0.378952039488795,0.34635050334772
"291","Mammals","guinea pigs",0.320382806172821,0.355435074423224
"292","Mammals","horse",0.426720616229215,0.399735554288349
"293","Mammals","kangaroo",0.367315089965755,0.395889136794075
"294","Mammals","lion",0.388771386221181,0.303089847382924
"295","Mammals","monkey",0.394471893621485,0.316109917066998
"296","Mammals","moose",0.381840725720686,0.348035998549774
"297","Mammals","mouse",0.355231865573233,0.388409675819607
"298","Mammals","pig",0.389803247793639,0.291747299319328
"299","Mammals","porcupine",0.384254891839231,0.309567550488932
"300","Mammals","rabbit",0.399764384981471,0.318257774210774
"301","Mammals","raccoon",0.33324539676625,0.336135104549629
"302","Mammals","seal",0.28916688453378,0.356823931001157
"303","Mammals","skunk",0.351624273960982,0.263366640157878
"304","Mammals","squirrel",0.37002449923148,0.310267057205213
"305","Mammals","tiger",0.379799117908735,0.250838473480335
"306","Mammals","walrus",0.367664076709677,0.413175446010536
"307","Mammals","whale",0.355466535122435,0.406428996715269
"308","Mammals","wolf",0.390667542776711,0.286935224052848
"309","Mammals","zebra",0.353658562287045,0.32496765260697
"310","Musical Instruments","bagpipes",0.443184070299088,0.556437081342171
"311","Musical Instruments","banjo",0.401899296063864,0.44214021355561
"312","Musical Instruments","bell",0.275763858208228,0.193757643112361
"313","Musical Instruments","clarinet",0.473717980323024,0.525251262333546
"314","Musical Instruments","drum",0.404685419171121,0.426762245094334
"315","Musical Instruments","guitar",0.434773172211179,0.644039627769366
"316","Musical Instruments","harmonica",0.461335934735418,0.541016756746489
"317","Musical Instruments","harp",0.44331531293468,0.499037795036407
"318","Musical Instruments","piano",0.486587120332573,0.599278505762382
"319","Musical Instruments","saxophone",0.477513994783551,0.538634455593216
"320","Musical Instruments","trumpet",0.4800957988926,0.439981559697823
"321","Musical Instruments","violin",0.463902298811723,0.532904958953978
"322","Musical Instruments","xylophone",0.342724685860346,0.418201121887776
"323","Mythical & Mystical","alien",0.289073929953153,0.182433324908668
"324","Mythical & Mystical","angel",0.303996931180148,0.276970940766568
"325","Mythical & Mystical","arrow",0.262038390491151,0.0339311743228
"326","Mythical & Mystical","bow",0.308439398564871,0.0260269847378666
"327","Mythical & Mystical","crown",0.306892070171417,0.0806530452505647
"328","Mythical & Mystical","dinosaur",0.252398991129038,0.244614723085322
"329","Mythical & Mystical","dragon",0.37699496873958,0.361092033869259
"330","Mythical & Mystical","fairy",0.329938419424951,0.365432598640898
"331","Mythical & Mystical","genie",0.240296207787991,0.275371756743946
"332","Mythical & Mystical","ghost",0.307738125855748,0.235632162009043
"333","Mythical & Mystical","halo",0.258416979905708,0.212701692088309
"334","Mythical & Mystical","hook",0.283006847534664,0.113319405783478
"335","Mythical & Mystical","king",0.295243353895532,0.15365714993247
"336","Mythical & Mystical","knight",0.323375922770419,0.16673119576006
"337","Mythical & Mystical","map",0.189718996464312,0.0783159173914232
"338","Mythical & Mystical","mermaid",0.263691901030746,0.375187031585159
"339","Mythical & Mystical","monster",0.285438635944238,0.267894898167411
"340","Mythical & Mystical","mummy",0.286564119533943,0.233503147235077
"341","Mythical & Mystical","pirate",0.285920335954966,0.169574837195045
"342","Mythical & Mystical","queen",0.299174978194261,0.173002499543891
"343","Mythical & Mystical","skeleton",0.274636239869548,0.217799635097881
"344","Mythical & Mystical","snowman",0.317629098178496,0.206816933610667
"345","Mythical & Mystical","sword",0.311581768434432,0.219950861327696
"346","Mythical & Mystical","treasure chest",0.218302905141384,0.255784647776325
"347","Mythical & Mystical","unicorn",0.285946370462326,0.43692752039118
"348","Mythical & Mystical","witch",0.311769207513996,0.280286930910323
"349","Mythical & Mystical","wizard",0.267575151119896,0.270124350083209
"350","Nature","acorn",0.220511572300397,0.0882151530690631
"351","Nature","bamboo",0.301366677152883,0.197481749448774
"352","Nature","beach",0.313384907988093,0.351193171044659
"353","Nature","cactus",0.293902810103199,0.116656649757494
"354","Nature","cave",0.280774805838338,0.168379337392652
"355","Nature","cliff",0.340762493685541,0.187136134994143
"356","Nature","cloud",0.346417581355984,0.23112205638218
"357","Nature","desert",0.329369181186009,0.146825979802592
"358","Nature","fire",0.368001000913415,0.298642379254631
"359","Nature","flower",0.325124063771487,0.331433542392123
"360","Nature","forest",0.336180556131515,0.325354043540906
"361","Nature","garden",0.318447773903654,0.358101096026351
"362","Nature","grass",0.343669769425313,0.341984691364734
"363","Nature","hay",0.281309124289921,0.281332750144888
"364","Nature","hole",0.315806913331626,0.173797942912346
"365","Nature","island",0.322480537821772,0.323688884485457
"366","Nature","lava",0.323317402829295,0.103663205154913
"367","Nature","leaf",0.359928377476409,0.268848416912069
"368","Nature","lightning",0.322076204652359,0.243037238993546
"369","Nature","moon",0.30657639986497,0.150101348094798
"370","Nature","mountain",0.361913371138339,0.258051045836689
"371","Nature","mushroom",0.25816058213424,0.0800351625508678
"372","Nature","nest",0.252975132976719,0.299068836194553
"373","Nature","palm tree",0.312204471533382,0.157055133717208
"374","Nature","pearl",0.278912960504561,0.278092432018338
"375","Nature","plant",0.384082357559706,0.291761325301853
"376","Nature","rain",0.370177545061004,0.310811675827311
"377","Nature","rainbow",0.328747591959142,0.282116190112431
"378","Nature","river",0.337905465487024,0.325469120693687
"379","Nature","rock",0.335472433360204,0.346201725867969
"380","Nature","roots",0.287022547261313,0.1806745540668
"381","Nature","seaweed",0.263850332090736,0.0643013440648161
"382","Nature","smoke",0.331878501894093,0.261098167410151
"383","Nature","snowflake",0.287376186020662,0.250595876674502
"384","Nature","star",0.303214276482751,0.305682148799582
"385","Nature","stem",0.294332131435038,0.174231737645569
"386","Nature","sun",0.371654883904213,0.381934649230424
"387","Nature","sunflower",0.286309902919434,0.24957672365379
"388","Nature","tornado",0.277238428367569,0.177904266380043
"389","Nature","tree",0.390983278019834,0.402909693503239
"390","Nature","volcano",0.273833515650141,0.14020602674278
"391","Nature","waterfall",0.315794570487722,0.269378664708162
"392","Nature","wave",0.348022635760982,0.233487227518956
"393","Non Mammal","ant",0.340247435662977,0.326725454400379
"394","Non Mammal","bee",0.316194947933601,0.20454403589088
"395","Non Mammal","beetle",0.379503024004446,0.262633431414841
"396","Non Mammal","butterfly",0.386062143403702,0.263314290814579
"397","Non Mammal","caterpillar",0.368695027907335,0.251134888954194
"398","Non Mammal","crab",0.354892245266912,0.273430627493096
"399","Non Mammal","dragonfly",0.392440768731322,0.252467686691882
"400","Non Mammal","eel",0.385369087657846,0.265169132000549
"401","Non Mammal","fish",0.37368020329293,0.391008200645581
"402","Non Mammal","fly",0.338170711824395,0.327015381535936
"403","Non Mammal","frog",0.376079551223945,0.323644320818882
"404","Non Mammal","goldfish",0.313073157352033,0.265002843427321
"405","Non Mammal","grasshopper",0.348393811535309,0.250824251307929
"406","Non Mammal","jellyfish",0.371828751295154,0.33240659977822
"407","Non Mammal","ladybug",0.329887804583253,0.204842903888104
"408","Non Mammal","lobster",0.323306890872343,0.271132451672689
"409","Non Mammal","mosquito",0.370528490122012,0.333215676479722
"410","Non Mammal","moth",0.365268133702195,0.274988814476794
"411","Non Mammal","octopus",0.387383046810032,0.318186604042189
"412","Non Mammal","scorpion",0.336153390631467,0.210226979530217
"413","Non Mammal","seahorse",0.352656242749634,0.355165594491995
"414","Non Mammal","shark",0.370150295338474,0.325311762226945
"415","Non Mammal","snail",0.362969351853325,0.330786363781072
"416","Non Mammal","snake",0.363827371329569,0.367361113508064
"417","Non Mammal","spider",0.386433963581752,0.312882676482461
"418","Non Mammal","starfish",0.375402094003065,0.322310644449801
"419","Non Mammal","turtle",0.354418351235041,0.30638710950268
"420","Non Mammal","worm",0.356487140686117,0.232407553482038
"421","Places and Buildings","africa",0.269919492093911,0.213060912617536
"422","Places and Buildings","airport",0.289791732657256,0.251544681946934
"423","Places and Buildings","australia",0.255871623651342,0.110283219458922
"424","Places and Buildings","bakery",0.241924580231816,0.254190001268722
"425","Places and Buildings","bar",0.284377582954098,0.197675121929173
"426","Places and Buildings","barn",0.286245211053853,0.205376653435476
"427","Places and Buildings","cabin",0.331106786659699,0.248667603590385
"428","Places and Buildings","castle",0.291820321808393,0.262685870453283
"429","Places and Buildings","church",0.315308128981363,0.298385336542997
"430","Places and Buildings","city",0.28828441430719,0.298834591763368
"431","Places and Buildings","eiffel tower",0.245910618958466,0.216203020828297
"432","Places and Buildings","house",0.293547024626017,0.230901701089163
"433","Places and Buildings","hut",0.33982989589567,0.27089583546822
"434","Places and Buildings","igloo",0.25729111377314,0.148842899568107
"435","Places and Buildings","italy",0.260172133431721,0.188522452007738
"436","Places and Buildings","library",0.29983311504547,0.28487563929094
"437","Places and Buildings","lighthouse",0.258456351017628,0.176986326754351
"438","Places and Buildings","pyramid",0.237946428082582,0.165336763839367
"439","Places and Buildings","restaurant",0.303928911733128,0.315211149427236
"440","Places and Buildings","stadium",0.293806303866509,0.329432728241023
"441","Places and Buildings","tent",0.248439879995371,0.207565104088368
"442","Places and Buildings","tepee",0.335086934643095,0.221008491909886
"443","Places and Buildings","texas",0.238109774703903,0.137321426587611
"444","Places and Buildings","windmill",0.26704140890839,0.2154553636189
"445","School & Office Supplies","book",0.328088716490886,0.205760127695122
"446","School & Office Supplies","box",0.315205874927422,0.0885518514846295
"447","School & Office Supplies","calculator",0.281040047462765,0.195903084937341
"448","School & Office Supplies","chalk",0.33143321514413,0.166735710529479
"449","School & Office Supplies","chalkboard",0.372828870796046,0.339479403793292
"450","School & Office Supplies","computer",0.315809702370999,0.215892003907034
"451","School & Office Supplies","crayon",0.371392602109999,0.22587758306508
"452","School & Office Supplies","envelope",0.336232545996815,0.108564327329454
"453","School & Office Supplies","eraser",0.380936386933611,0.257638742097129
"454","School & Office Supplies","globe",0.274349280389538,0.0637343337262641
"455","School & Office Supplies","highlighter",0.308544563597635,0.175843553645778
"456","School & Office Supplies","keyboard",0.32645625782016,0.126611478488698
"457","School & Office Supplies","locker",0.342452231333766,0.309372164970741
"458","School & Office Supplies","lunchbox",0.247231013324642,0.256866580994848
"459","School & Office Supplies","marker",0.368924170295643,0.173192964111332
"460","School & Office Supplies","microscope",0.31323007413499,0.165915234191004
"461","School & Office Supplies","newspaper",0.349363482780936,0.256079392687578
"462","School & Office Supplies","notebook",0.33828291411719,0.307937576601405
"463","School & Office Supplies","package",0.307613879974903,0.153624554536045
"464","School & Office Supplies","paper",0.422299206924445,0.301702585093888
"465","School & Office Supplies","paper clip",0.385141615699335,0.321607941754153
"466","School & Office Supplies","pen",0.388845525829759,0.252945036868057
"467","School & Office Supplies","pencil",0.404340903943475,0.266610759072878
"468","School & Office Supplies","printer",0.341609288390233,0.202575360448475
"469","School & Office Supplies","rubber bands",0.268114988337177,0.259234151230326
"470","School & Office Supplies","ruler",0.270496007221147,0.190367288519278
"471","School & Office Supplies","scissors",0.341431257949639,0.175220960158589
"472","School & Office Supplies","stamp",0.366190570815882,0.11462984629358
"473","School & Office Supplies","staple remover",0.28854934810284,0.24689998534753
"474","School & Office Supplies","stapler",0.370814727597476,0.415667295705416
"475","School & Office Supplies","staples",0.369916390731543,0.452435383361037
"476","School & Office Supplies","typewriter",0.326150825502042,0.232403057459752
"477","Structure","birdbath",0.273335995538827,0.215951680557454
"478","Structure","birdhouse",0.227096363418393,0.204959254878423
"479","Structure","bleachers",0.279998396036136,0.233920789843066
"480","Structure","bridge",0.336656142458881,0.369252607631172
"481","Structure","ceiling",0.297383984982001,0.409542869423402
"482","Structure","chimney",0.331203599888568,0.264508792521625
"483","Structure","closet",0.313488576516967,0.275636949596143
"484","Structure","crosswalk",0.237078198790023,0.124189580251755
"485","Structure","door",0.397278769933716,0.328631172688963
"486","Structure","elevator",0.310933375282918,0.282339129596206
"487","Structure","fence",0.360206211080898,0.290971600609678
"488","Structure","ferris wheel",0.235644364899869,0.1745677028913
"489","Structure","fire hydrant",0.309970277681574,0.205366043586881
"490","Structure","fireplace",0.324732345700084,0.253953520081444
"491","Structure","flag",0.248808858092959,0.249622817655771
"492","Structure","fountain",0.319407390962051,0.20511000034055
"493","Structure","garage",0.300241103035826,0.380070871794358
"494","Structure","gate",0.335850591670714,0.230751662401262
"495","Structure","mailbox",0.293224766547771,0.181512166906951
"496","Structure","maze",0.262861952255148,0.206785370448906
"497","Structure","road",0.321056903980584,0.357336862865944
"498","Structure","roller coaster",0.276872104750053,0.208391982883668
"499","Structure","roof",0.342170319592232,0.421890324878871
"500","Structure","sidewalk",0.342534532568398,0.356359930767263
"501","Structure","sign",0.299295143452835,0.289739269864923
"502","Structure","stage",0.287288222238269,0.418516714506424
"503","Structure","statue",0.295522911193218,0.332992281464152
"504","Structure","tunnel",0.250067239894329,0.219177076444646
"505","Structure","well",0.162958525894841,0.2413554329405
"506","Structure","window",0.347470358448558,0.406216344121518
"507","Tools & Hardware","axe",0.299563573513767,0.213808416199074
"508","Tools & Hardware","battery",0.324692037738427,0.332339147885176
"509","Tools & Hardware","brick",0.312920804878177,0.162580220186141
"510","Tools & Hardware","broom",0.345519409115965,0.204443272399495
"511","Tools & Hardware","bucket",0.31133779720566,0.188912101859525
"512","Tools & Hardware","chain",0.303574193683217,0.243744730303622
"513","Tools & Hardware","dustpan",0.412004261502744,0.251799490913614
"514","Tools & Hardware","flashlight",0.297400937336528,0.339017568239071
"515","Tools & Hardware","flyswatter",0.325528063174494,0.208250962543284
"516","Tools & Hardware","funnel",0.284712840791834,0.162927878916265
"517","Tools & Hardware","hammer",0.358717122152066,0.427766722314532
"518","Tools & Hardware","hinge",0.272418401667584,0.229896108591481
"519","Tools & Hardware","hose",0.353712227739583,0.347506271014241
"520","Tools & Hardware","iron",0.309611779961133,0.26413802586415
"521","Tools & Hardware","ironing board",0.264682339305113,0.173459038478852
"522","Tools & Hardware","jack",0.236332605858975,0.127944059889364
"523","Tools & Hardware","key",0.3016452676648,0.269168307592802
"524","Tools & Hardware","ladder",0.33100705296746,0.296755622543517
"525","Tools & Hardware","lawn mower",0.295996478154811,0.146904825794891
"526","Tools & Hardware","light switch",0.294875666641827,0.225036264625944
"527","Tools & Hardware","lightbulb",0.354837915384457,0.249869827193158
"528","Tools & Hardware","lighter",0.298167170550042,0.18190703224324
"529","Tools & Hardware","magnet",0.28622250523819,0.19925810852036
"530","Tools & Hardware","match",0.254206674418084,0.21008361286548
"531","Tools & Hardware","mop",0.292285905395338,0.193816214899244
"532","Tools & Hardware","mousetrap",0.316925413181069,0.187570971884721
"533","Tools & Hardware","nail",0.338241264651825,0.277066686694071
"534","Tools & Hardware","paintbrush",0.3054889535247,0.317408356669073
"535","Tools & Hardware","plug",0.35388479696645,0.252673886417753
"536","Tools & Hardware","rake",0.300638373234555,0.197166862916903
"537","Tools & Hardware","rope",0.360657159519321,0.256917375324087
"538","Tools & Hardware","saw",0.279895692189707,0.212829320288741
"539","Tools & Hardware","screw",0.330483304967993,0.225827285726092
"540","Tools & Hardware","screwdriver",0.316005260266749,0.396564569703073
"541","Tools & Hardware","shovel",0.307147241586397,0.331703713692097
"542","Tools & Hardware","springs",0.230372570645691,0.230555986856028
"543","Tools & Hardware","thermometer",0.293510911865774,0.265579200808685
"544","Tools & Hardware","vacuum",0.31513072024324,0.179154853437181
"545","Tools & Hardware","wrench",0.329254215150148,0.418374799733386
"546","Toys Games & Hobbies","ball",0.36252244798724,0.149867003900713
"547","Toys Games & Hobbies","balloon",0.351835992771672,0.165631697176455
"548","Toys Games & Hobbies","baseball",0.325027923363199,0.203982602942562
"549","Toys Games & Hobbies","basketball",0.334161562853695,0.243684678268096
"550","Toys Games & Hobbies","beads",0.28054054138265,0.0470757191498768
"551","Toys Games & Hobbies","binoculars",0.266814473315764,0.150424985026899
"552","Toys Games & Hobbies","bubble",0.305815722339038,0.0851085482443652
"553","Toys Games & Hobbies","camera",0.296219835496642,0.100352962281689
"554","Toys Games & Hobbies","checkers",0.256184198192952,0.146721862159726
"555","Toys Games & Hobbies","compass",0.236453940687471,0.0774963807812721
"556","Toys Games & Hobbies","dart",0.305645063734795,0.133871014756072
"557","Toys Games & Hobbies","dice",0.268516214466144,0.101266292266017
"558","Toys Games & Hobbies","doll",0.299850481063104,0.299621614457133
"559","Toys Games & Hobbies","dominoes",0.290470104314151,0.121078354018744
"560","Toys Games & Hobbies","football",0.308173651369596,0.215538178358623
"561","Toys Games & Hobbies","golfball",0.327957770075936,0.0671118171264776
"562","Toys Games & Hobbies","hopscotch",0.326553712593567,0.255610664876951
"563","Toys Games & Hobbies","jump rope",0.306919970553905,0.182094837884876
"564","Toys Games & Hobbies","kite",0.293683508091785,0.0730948237307503
"565","Toys Games & Hobbies","magnifying glass",0.277718012697906,0.148572095396147
"566","Toys Games & Hobbies","marbles",0.29951931248824,0.24794083633303
"567","Toys Games & Hobbies","medal",0.257571595501856,0.115986462466556
"568","Toys Games & Hobbies","microphone",0.281054873751249,0.0362416638885928
"569","Toys Games & Hobbies","needle",0.283395301476672,0.0971140723530045
"570","Toys Games & Hobbies","net",0.257374204267294,0.0670170611752862
"571","Toys Games & Hobbies","record",0.227193998978675,0.0365917409774388
"572","Toys Games & Hobbies","robot",0.262133254597511,0.181773630823865
"573","Toys Games & Hobbies","sandcastle",0.198589039072638,0.151889622883583
"574","Toys Games & Hobbies","sewing machine",0.218918453080051,0.173600910866696
"575","Toys Games & Hobbies","skateboard",0.311117212004283,0.24804651548201
"576","Toys Games & Hobbies","skis",0.248295296284977,0.153865089959595
"577","Toys Games & Hobbies","sled",0.29423669194787,0.136136651446205
"578","Toys Games & Hobbies","slide",0.311043654074872,0.0566856838445624
"579","Toys Games & Hobbies","slingshot",0.307940845472378,0.22024844914161
"580","Toys Games & Hobbies","sparkler",0.297233331076424,0.126699729885109
"581","Toys Games & Hobbies","swing",0.329246838661455,0.0960579680441588
"582","Toys Games & Hobbies","target",0.203555913891579,0.104123375038968
"583","Toys Games & Hobbies","telescope",0.252481075057204,0.140015390014511
"584","Toys Games & Hobbies","tennis ball",0.32214522813709,0.228097176260266
"585","Toys Games & Hobbies","thimble",0.320293530988133,0.219050113430037
"586","Toys Games & Hobbies","tic-tac-toe",0.314736732400394,0.159156041916867
"587","Toys Games & Hobbies","top",0.233681174141402,0.0188350023395081
"588","Toys Games & Hobbies","trophy",0.250745777428744,0.104425229498767
"589","Toys Games & Hobbies","whistle",0.278572826794506,0.0270587142823935
"590","Toys Games & Hobbies","yarn",0.291034629190292,0.16852492626463
"591","Toys Games & Hobbies","yo-yo",0.339647002719391,0.302579653659017
"592","Types of People","baby",0.327574548037608,0.237361169816743
"593","Types of People","boy",0.286552777860092,0.2835459667787
"594","Types of People","bride",0.310461561984943,0.225217337622733
"595","Types of People","captain",0.319427455460997,0.126066724755561
"596","Types of People","cheerleaders",0.201672630520012,0.117597679327597
"597","Types of People","choir",0.23937223528195,0.173733147478965
"598","Types of People","clown",0.286917782831237,0.146397144957039
"599","Types of People","cowboy",0.310850247692174,0.228698872304607
"600","Types of People","dentist",0.273043378638823,0.177880109685432
"601","Types of People","doctor",0.309858083863429,0.154541850628876
"602","Types of People","farmer",0.302907249060183,0.183342394640557
"603","Types of People","fisherman",0.305872351532276,0.0917933568457159
"604","Types of People","girl",0.332231588219245,0.283778655951194
"605","Types of People","judge",0.233117773042022,0.18053279066981
"606","Types of People","mailman",0.294882528340816,0.187663233004272
"607","Types of People","man",0.326756092597635,0.354164844222494
"608","Types of People","nun",0.231882158117372,0.18882430846232
"609","Types of People","nurse",0.32580965067785,0.140531417435639
"610","Types of People","painter",0.265351198371283,0.118107914029394
"611","Types of People","pilgrim",0.243314866413376,0.125980016097832
"612","Types of People","pilot",0.327273066658528,0.172613408442115
"613","Types of People","priest",0.316555576606515,0.203216331525162
"614","Types of People","sailor",0.337811830431104,0.141743273764014
"615","Types of People","teacher",0.371114801950785,0.190572171881716
"616","Types of People","twins",0.208257994295834,0.103970486771877
"617","Types of People","waiter",0.330768690526434,0.201273117942875
"618","Types of People","waitress",0.328281106947148,0.145538133167767
"619","Vehicles","airplane",0.365199685544981,0.304721760788265
"620","Vehicles","ambulance",0.265275177648211,0.304693410367275
"621","Vehicles","anchor",0.318249641031952,0.228540400958443
"622","Vehicles","blimp",0.324109569104613,0.30422585124567
"623","Vehicles","bus",0.357994614062598,0.336316419087152
"624","Vehicles","canoe",0.366523520730957,0.229032575461419
"625","Vehicles","car",0.386893932839461,0.593613096819167
"626","Vehicles","golf cart",0.340537522016536,0.358958317507572
"627","Vehicles","helicopter",0.356464117775664,0.337283972979662
"628","Vehicles","hot-air balloon",0.331783021303409,0.230128452753099
"629","Vehicles","motorcycle",0.378238179893215,0.477468535077781
"630","Vehicles","rocket",0.350261098489388,0.347083330382137
"631","Vehicles","sails",0.286772717195636,0.246077993079759
"632","Vehicles","ship",0.390655882338796,0.374585135754203
"633","Vehicles","stroller",0.292610827185413,0.312327348679644
"634","Vehicles","submarine",0.320141675038716,0.219097767868153
"635","Vehicles","tank",0.367306962996672,0.437139222754358
"636","Vehicles","tire",0.359743737178122,0.393933004451738
"637","Vehicles","tractor",0.359266498251216,0.422608806935186
"638","Vehicles","train",0.341148476387905,0.283224579163983
"639","Vehicles","truck",0.396583057512737,0.594297021941739
"640","Vehicles","unicycle",0.351139447000819,0.344482747375969
"641","Vehicles","van",0.345822189983984,0.339404178610699
"642","Vehicles","wheelchair",0.32117923950234,0.409299933732634
