,alien,angel,arrow,bow,crown,dinosaur,dragon,fairy,genie,ghost,halo,hook,king,knight,map,mermaid,monster,mummy,pirate,queen,skeleton,snowman,sword,treasure chest,unicorn,witch,wizard
alien,0.9999999999999998,0.3762397779193756,0.24317768500005932,0.22598591830619252,0.2508546875950872,0.28366746970192114,0.376405595590121,0.32015453069280864,0.23020201329562628,0.4448502111898809,0.35750929999996073,0.1528823346043503,0.25758344909018493,0.23116344731835803,0.1569332845995659,0.3579985988229746,0.3400277222043313,0.36224868337755023,0.34239389534781073,0.30077582520285984,0.31325868371479615,0.29714546075105175,0.1792943601951391,0.15088376146832472,0.30916928578071556,0.3664930711873745,0.2886231258255447
angel,0.3762397779193756,1.0,0.31741553407244916,0.3739623034277586,0.29681240012845,0.15114198125880152,0.47417788031145536,0.5000918013194231,0.2408608945949512,0.407070244698329,0.4124585388510782,0.24238325041905007,0.2578105840341607,0.3057500583945958,0.16585556241984178,0.3009547002099411,0.3104666547202295,0.36871677367263134,0.27597182476675663,0.27418186143160095,0.3295893471051301,0.2742194296272319,0.286903616983747,0.17225154823837285,0.2848656016165121,0.30819193394775346,0.1955761065142323
arrow,0.24317768500005932,0.31741553407244916,1.0,0.572042243177793,0.3238208028645091,0.1172447480270129,0.3885170883454693,0.31122349986802456,0.14600215714464393,0.2537951971326322,0.1405521132071894,0.3234772608875156,0.29459085129152096,0.3753250190438264,0.3973746239287146,0.15350504497921547,0.2187566647910888,0.11517857644847274,0.2840631919208323,0.20797736794494281,0.2115934396711151,0.2715039263018053,0.29764133696914863,0.14818941783945605,0.2135096352393282,0.235893066875557,0.2506276597975986
bow,0.22598591830619252,0.3739623034277586,0.572042243177793,1.0,0.48229458676142245,0.3272380433873874,0.42276030692328015,0.30953242832634853,0.19788573888320493,0.2470745442617568,0.2437488281950818,0.42834940779249786,0.2610741584076137,0.32629810585329255,0.2929958352619212,0.18539198951526425,0.1964525023993352,0.17305328316156765,0.2859353232275236,0.2575643218675465,0.27365798934455776,0.3391862381604549,0.4707625607927548,0.24031001587637968,0.3539282559118123,0.26971484257188993,0.26222459089200645
crown,0.2508546875950872,0.29681240012845,0.3238208028645091,0.48229458676142245,1.0,0.21800120974922144,0.39339531994525845,0.31582919883209426,0.17167400756539997,0.3041108146783563,0.3638586295372329,0.3552023811602043,0.44912504039349654,0.4004838624128827,0.24333742828003324,0.18087012711993644,0.28034095594068686,0.2605548006764353,0.2728551671686783,0.4725768048263115,0.23860424295953375,0.2535864541340134,0.3818830068641452,0.2487896498280604,0.3092582831124877,0.27317610304813034,0.237897858874772
dinosaur,0.28366746970192114,0.15114198125880152,0.1172447480270129,0.3272380433873874,0.21800120974922144,1.0,0.42962004698514666,0.2090904019873604,0.31837208433181186,0.20835104883491773,0.22231280438257306,0.26336998428827196,0.23824602170372877,0.23953093917227042,0.11402527503916005,0.3368228236955726,0.2697208588319008,0.26610912796569963,0.16807702233563804,0.18753398934830712,0.36364870026711926,0.32046941035783827,0.2430763463134582,0.13179664873243968,0.4241368936194163,0.23070615238911962,0.2800637366488814
dragon,0.376405595590121,0.47417788031145536,0.3885170883454693,0.42276030692328015,0.39339531994525845,0.42962004698514666,1.0,0.4618294169943207,0.2842372830060176,0.3717961937290982,0.33386376275175733,0.28211774434956216,0.4515663514060799,0.4175877066200717,0.28148702910587375,0.31491106669646607,0.4126918823711909,0.36343128547659875,0.3578616072001801,0.4183497134576307,0.36278096548914074,0.3649217216662115,0.46150707067847385,0.25262718066584755,0.44867000358423903,0.31532872636124254,0.3594262375183451
fairy,0.32015453069280864,0.5000918013194231,0.31122349986802456,0.30953242832634853,0.31582919883209426,0.2090904019873604,0.4618294169943207,0.9999999999999998,0.3576699376728394,0.4025990579332076,0.23974997785244323,0.24639502619232845,0.24551702757335214,0.34344800981693036,0.17962467327035825,0.4106825557745817,0.3436291157098079,0.3420443859144926,0.38803590071592553,0.39371782079736206,0.19935092233456475,0.3042487364822092,0.31997965909815185,0.23591095435208898,0.40164156464907685,0.44969822491013356,0.34670407597850106
genie,0.23020201329562628,0.2408608945949512,0.14600215714464393,0.19788573888320493,0.17167400756539997,0.31837208433181186,0.2842372830060176,0.3576699376728394,1.0,0.24771999820730994,0.09038034307182696,0.28485599235499837,0.20018601272008862,0.23049530264964269,0.0,0.41621310475682394,0.2211985502287599,0.3116065318815131,0.220159753304756,0.2375131043191041,0.2507647861742377,0.3633831896310884,0.17055162848209282,0.1691255280425673,0.31037773078243025,0.3591872100221203,0.2170785193639222
ghost,0.4448502111898809,0.407070244698329,0.2537951971326322,0.2470745442617568,0.3041108146783563,0.20835104883491773,0.3717961937290982,0.4025990579332076,0.24771999820730994,1.0,0.3289067562513198,0.2947270637405517,0.2880349878494146,0.3280162701928784,0.20492004364789485,0.25607951887663893,0.2911003969963235,0.35836474121041717,0.3043541502469801,0.33628427415109785,0.3436037936637324,0.35977384571577753,0.27367453347010695,0.2131589264568755,0.27425691119296025,0.40037481361650373,0.2581929343044842
halo,0.35750929999996073,0.4124585388510782,0.1405521132071894,0.2437488281950818,0.3638586295372329,0.22231280438257306,0.33386376275175733,0.23974997785244323,0.09038034307182696,0.3289067562513198,1.0,0.24248959314921126,0.26264948194750715,0.3018224863224377,0.2251044208634514,0.21826537424222614,0.20409475268695032,0.24869546082973948,0.2202579171533936,0.26765691223627197,0.2043698931426794,0.2661434174364177,0.2842302950204878,0.19469756115989956,0.30211272207945195,0.28686413315476256,0.25604600202306416
hook,0.1528823346043503,0.24238325041905007,0.3234772608875156,0.42834940779249786,0.3552023811602043,0.26336998428827196,0.28211774434956216,0.24639502619232845,0.28485599235499837,0.2947270637405517,0.24248959314921126,1.0,0.21932400958754505,0.28479367937782696,0.23895343295017124,0.2609579136276887,0.28189251879466415,0.19191849701737285,0.28450397326799104,0.2817444165587065,0.26389668644246234,0.30620872211627426,0.3536331225481768,0.3063347202871858,0.27369875749051986,0.37576721442656436,0.318300332469579
king,0.25758344909018493,0.2578105840341607,0.29459085129152096,0.2610741584076137,0.44912504039349654,0.23824602170372877,0.4515663514060799,0.24551702757335214,0.20018601272008862,0.2880349878494146,0.26264948194750715,0.21932400958754505,1.0,0.5040364638383299,0.22884442700738628,0.10546733858109458,0.3485374748914898,0.3428779425821379,0.2972174280013564,0.5885694900851763,0.27465510736510645,0.38142816782852096,0.31146244437705195,0.15299104584968304,0.18439940661724719,0.23891481943160664,0.2912176688229541
knight,0.23116344731835803,0.3057500583945958,0.3753250190438264,0.32629810585329255,0.4004838624128827,0.23953093917227042,0.4175877066200717,0.34344800981693036,0.23049530264964269,0.3280162701928784,0.3018224863224377,0.28479367937782696,0.5040364638383299,1.0,0.2084253458662989,0.23138494814292143,0.3166229980614452,0.2892836921595032,0.37427990252177423,0.4380819092676962,0.2317281153922327,0.3907553378092258,0.46256075172066025,0.23994543549744063,0.29867826476735326,0.2835462548532002,0.35372968495779733
map,0.1569332845995659,0.16585556241984178,0.3973746239287146,0.2929958352619212,0.24333742828003324,0.11402527503916005,0.28148702910587375,0.17962467327035825,0.0,0.20492004364789485,0.2251044208634514,0.23895343295017124,0.22884442700738628,0.2084253458662989,1.0,0.051483442398193247,0.2440807770234641,0.1273940540209939,0.19248046760280324,0.20466324236640376,0.06187131047979,0.18106562739057774,0.22186117790828896,0.18779797160129197,0.13739940228673486,0.20461727759224058,0.1800977751606464
mermaid,0.3579985988229746,0.3009547002099411,0.15350504497921547,0.18539198951526425,0.18087012711993644,0.3368228236955726,0.31491106669646607,0.4106825557745817,0.41621310475682394,0.25607951887663893,0.21826537424222614,0.2609579136276887,0.10546733858109458,0.23138494814292143,0.051483442398193247,1.0,0.23119115076319363,0.24611477387367486,0.3503026483336307,0.2250368850268144,0.2455286954974515,0.27905204716723697,0.28365488556444596,0.2471499600791197,0.3813242337047156,0.3697695494607882,0.21587604988877962
monster,0.3400277222043313,0.3104666547202295,0.2187566647910888,0.1964525023993352,0.28034095594068686,0.2697208588319008,0.4126918823711909,0.3436291157098079,0.2211985502287599,0.2911003969963235,0.20409475268695032,0.28189251879466415,0.3485374748914898,0.3166229980614452,0.2440807770234641,0.23119115076319363,1.0,0.3602988579098175,0.3007437147635166,0.21783700809402984,0.27550101397667137,0.31824812950978265,0.2420911562915029,0.2557728121091707,0.2720250503515851,0.3743266995890636,0.29375511554018907
mummy,0.36224868337755023,0.36871677367263134,0.11517857644847274,0.17305328316156765,0.2605548006764353,0.26610912796569963,0.36343128547659875,0.3420443859144926,0.3116065318815131,0.35836474121041717,0.24869546082973948,0.19191849701737285,0.3428779425821379,0.2892836921595032,0.1273940540209939,0.24611477387367486,0.3602988579098175,1.0,0.2734706724911742,0.377332180578381,0.4174910889381104,0.41716252905935247,0.2662556450629814,0.23864586371360308,0.1889412710000784,0.3537826344436168,0.18969375441659464
pirate,0.34239389534781073,0.27597182476675663,0.2840631919208323,0.2859353232275236,0.2728551671686783,0.16807702233563804,0.3578616072001801,0.38803590071592553,0.220159753304756,0.3043541502469801,0.2202579171533936,0.28450397326799104,0.2972174280013564,0.37427990252177423,0.19248046760280324,0.3503026483336307,0.3007437147635166,0.2734706724911742,1.0,0.31394174956338694,0.2939852343865055,0.30075462728873326,0.29154458054356036,0.28008371817016897,0.16085857380704716,0.29929598645248445,0.3004997042465203
queen,0.30077582520285984,0.27418186143160095,0.20797736794494281,0.2575643218675465,0.4725768048263115,0.18753398934830712,0.4183497134576307,0.39371782079736206,0.2375131043191041,0.33628427415109785,0.26765691223627197,0.2817444165587065,0.5885694900851763,0.4380819092676962,0.20466324236640376,0.2250368850268144,0.21783700809402984,0.377332180578381,0.31394174956338694,1.0,0.20418558187515334,0.31733975089536126,0.320270728777329,0.2564321386379984,0.2590684310391689,0.23924793664070587,0.18066598806143286
skeleton,0.31325868371479615,0.3295893471051301,0.2115934396711151,0.27365798934455776,0.23860424295953375,0.36364870026711926,0.36278096548914074,0.19935092233456475,0.2507647861742377,0.3436037936637324,0.2043698931426794,0.26389668644246234,0.27465510736510645,0.2317281153922327,0.06187131047979,0.2455286954974515,0.27550101397667137,0.4174910889381104,0.2939852343865055,0.20418558187515334,1.0,0.395421243380633,0.32782272798796064,0.3002094000057288,0.1919045489050588,0.3458264569457967,0.2192922611629673
snowman,0.29714546075105175,0.2742194296272319,0.2715039263018053,0.3391862381604549,0.2535864541340134,0.32046941035783827,0.3649217216662115,0.3042487364822092,0.3633831896310884,0.35977384571577753,0.2661434174364177,0.30620872211627426,0.38142816782852096,0.3907553378092258,0.18106562739057774,0.27905204716723697,0.31824812950978265,0.41716252905935247,0.30075462728873326,0.31733975089536126,0.395421243380633,1.0,0.374223521622266,0.26357967293076157,0.31714001696434324,0.3134675711216628,0.287927757292054
sword,0.1792943601951391,0.286903616983747,0.29764133696914863,0.4707625607927548,0.3818830068641452,0.2430763463134582,0.46150707067847385,0.31997965909815185,0.17055162848209282,0.27367453347010695,0.2842302950204878,0.3536331225481768,0.31146244437705195,0.46256075172066025,0.22186117790828896,0.28365488556444596,0.2420911562915029,0.2662556450629814,0.29154458054356036,0.320270728777329,0.32782272798796064,0.374223521622266,0.9999999999999998,0.27667972649378125,0.3800025929516653,0.32845217302126484,0.2911063295566019
treasure chest,0.15088376146832472,0.17225154823837285,0.14818941783945605,0.24031001587637968,0.2487896498280604,0.13179664873243968,0.25262718066584755,0.23591095435208898,0.1691255280425673,0.2131589264568755,0.19469756115989956,0.3063347202871858,0.15299104584968304,0.23994543549744063,0.18779797160129197,0.2471499600791197,0.2557728121091707,0.23864586371360308,0.28008371817016897,0.2564321386379984,0.3002094000057288,0.26357967293076157,0.27667972649378125,1.0,0.22037168511644523,0.17144167858633708,0.12069851193696512
unicorn,0.30916928578071556,0.2848656016165121,0.2135096352393282,0.3539282559118123,0.3092582831124877,0.4241368936194163,0.44867000358423903,0.40164156464907685,0.31037773078243025,0.27425691119296025,0.30211272207945195,0.27369875749051986,0.18439940661724719,0.29867826476735326,0.13739940228673486,0.3813242337047156,0.2720250503515851,0.1889412710000784,0.16085857380704716,0.2590684310391689,0.1919045489050588,0.31714001696434324,0.3800025929516653,0.22037168511644523,1.0,0.24357461315060736,0.29329189629948216
witch,0.3664930711873745,0.30819193394775346,0.235893066875557,0.26971484257188993,0.27317610304813034,0.23070615238911962,0.31532872636124254,0.44969822491013356,0.3591872100221203,0.40037481361650373,0.28686413315476256,0.37576721442656436,0.23891481943160664,0.2835462548532002,0.20461727759224058,0.3697695494607882,0.3743266995890636,0.3537826344436168,0.29929598645248445,0.23924793664070587,0.3458264569457967,0.3134675711216628,0.32845217302126484,0.17144167858633708,0.24357461315060736,1.0,0.4683402515633732
wizard,0.2886231258255447,0.1955761065142323,0.2506276597975986,0.26222459089200645,0.237897858874772,0.2800637366488814,0.3594262375183451,0.34670407597850106,0.2170785193639222,0.2581929343044842,0.25604600202306416,0.318300332469579,0.2912176688229541,0.35372968495779733,0.1800977751606464,0.21587604988877962,0.29375511554018907,0.18969375441659464,0.3004997042465203,0.18066598806143286,0.2192922611629673,0.287927757292054,0.2911063295566019,0.12069851193696512,0.29329189629948216,0.4683402515633732,0.9999999999999998
