,apron,backpack,bandana,belt,bib,bracelet,cane,cast,collar,crutches,diaper,earmuffs,earrings,glasses,glove,handcuffs,hat,helmet,necklace,pipe,purse,ring,scarf,sunglasses,suspenders,tiara,tie,umbrella,walker,wallet,watch,wig
apron,1.0,0.2880462964716234,0.3980867942544051,0.3805299222770283,0.4710793354273103,0.2981378457261844,0.28885610780340176,0.25579137983448375,0.4611760849346481,0.34843797013079814,0.40783993810643504,0.26502981496415967,0.2567171535034447,0.25747740583037193,0.3253954873583762,0.3331838578564976,0.3713122506286156,0.4084529338752063,0.39810191046068577,0.3023448549892783,0.3522869836838316,0.368995900809175,0.43371537993355447,0.2800518357759705,0.344670030365663,0.34974152578190987,0.3164032519076163,0.2673663991798839,0.16384488075138526,0.41222078111267024,0.19896455505597643,0.32549580674307255
backpack,0.2880462964716234,1.0,0.4502883680206431,0.41115024758071606,0.3377369584356755,0.42769732483935663,0.3099002575974563,0.2108060125212574,0.3495838161280789,0.39720853040280124,0.38279139111160887,0.31315447468315427,0.34494852378168317,0.3911092426960008,0.2546905694247589,0.3046558628078977,0.38702841924641407,0.3881842753641982,0.43624207320213415,0.2617141343059425,0.6268120092311532,0.3394123555600078,0.4197259553934177,0.4047383385328165,0.3557062201539394,0.25670868288995663,0.32888087781257114,0.39961380847037686,0.2468655451767685,0.4342219566377743,0.2396581183260572,0.3083456284969335
bandana,0.3980867942544051,0.4502883680206431,0.9999999999999998,0.4003494652655506,0.4032245031047751,0.47268258567578325,0.3402592245718261,0.2828229310595993,0.4905633623173411,0.3299202851392937,0.3726556852755625,0.51271041729339,0.4382501078920762,0.39658890109764644,0.37277789373790937,0.4169193149606498,0.5262335971253437,0.49191958191957075,0.4465494352932182,0.29159827989161413,0.45792781710768815,0.3464111023132286,0.5374382111779572,0.5092633561970721,0.4436070855586117,0.3637771873944101,0.4258341378762831,0.40976742516769127,0.3044379327604524,0.3945867282876554,0.3332305471704404,0.5460257653847154
belt,0.3805299222770283,0.41115024758071606,0.4003494652655506,1.0,0.45704422267823575,0.48932803457572316,0.2931542994096039,0.24689653114773846,0.4444746066850953,0.14879243174811818,0.40006599617936645,0.36540907854853133,0.35489472798499855,0.29067372376385725,0.33183929265027423,0.4095241705034389,0.3767324727148029,0.3213226579557614,0.44947219038856145,0.3249613100946691,0.48055190823005434,0.5479131076368241,0.3836662558907691,0.21671015676203553,0.5810357970214871,0.3561909899231057,0.5046793142256334,0.2732623274665903,0.1477350060352276,0.4445225658733585,0.3149695028606545,0.35447664096338705
bib,0.4710793354273103,0.3377369584356755,0.4032245031047751,0.45704422267823575,1.0,0.3154685640425765,0.367853412785613,0.38014730049445644,0.5013670427539442,0.28171063581202305,0.40833597735923055,0.4331902124398178,0.3128402600662652,0.34402396063136553,0.35776120418021173,0.39557253737336495,0.44446638564237007,0.3940927412294294,0.4323708386661538,0.4086511448838568,0.40291184710679073,0.410435004079027,0.44329277935738,0.35937426642277903,0.4675226561098247,0.38437336599968464,0.41446142610885106,0.31526575482878916,0.28939155463424493,0.3466466762896292,0.3187146716322651,0.28261284616171567
bracelet,0.2981378457261844,0.42769732483935663,0.47268258567578325,0.48932803457572316,0.3154685640425765,0.9999999999999998,0.3674641723293768,0.35867386561281545,0.5136807474597318,0.2784544154963915,0.335003991626486,0.38414957703865626,0.48299171770310045,0.4067465312908942,0.4059569499621938,0.4369785990693691,0.3651888634595445,0.345782967401729,0.6438949793497545,0.3535715936638312,0.4956570085907803,0.5227069253718403,0.48296525558251835,0.37667784597912435,0.4366973706105872,0.420903269385837,0.4629173527557957,0.3561214119667392,0.0734285295416538,0.44472448677353627,0.4037188867312915,0.39345384377775916
cane,0.28885610780340176,0.3099002575974563,0.3402592245718261,0.2931542994096039,0.367853412785613,0.3674641723293768,1.0,0.3266055720071036,0.46564953691203104,0.3900981006074502,0.2950760484935392,0.3489717786271085,0.2943913562419096,0.3044642418414911,0.3487654760773333,0.4098507852955109,0.2669686335721204,0.22440726738753203,0.351547357445241,0.41688135999444054,0.37188829902568465,0.2847078863221447,0.3597425012188118,0.30155933787895295,0.3329168369695792,0.2470576849512276,0.3073147208375151,0.3395797537476919,0.305234281850971,0.2928849242674645,0.27100948816271275,0.34093560526071354
cast,0.25579137983448375,0.2108060125212574,0.2828229310595993,0.24689653114773846,0.38014730049445644,0.35867386561281545,0.3266055720071036,0.9999999999999998,0.3543723426507026,0.3896448401427087,0.2371382249792,0.3773793414403257,0.3316858272426144,0.3504946846282082,0.29579204101989554,0.2639658863562102,0.3026988821752272,0.2083511834923253,0.3102250666528371,0.3479455375071908,0.2942751887456587,0.3679376200002391,0.31709272546087797,0.2453597203234712,0.3222394650145115,0.2714999528286365,0.3150412343398048,0.3389630040288767,0.2712243170014047,0.24796644791171618,0.440956772093992,0.35750409036976916
collar,0.4611760849346481,0.3495838161280789,0.4905633623173411,0.4444746066850953,0.5013670427539442,0.5136807474597318,0.46564953691203104,0.3543723426507026,1.0,0.31760758405145384,0.30026292526675313,0.4924693433378442,0.42920038102076064,0.3859825380051185,0.3315367218063534,0.4673132559497357,0.4328300476253548,0.4211026801551879,0.720298675951352,0.4577441678636911,0.4404804531082256,0.42781431487731636,0.5259612094837718,0.39190741698162823,0.4255312872424013,0.3843893087824959,0.5765582786483922,0.2698010147505383,0.21184898400545316,0.35494399395247145,0.2689441600704431,0.39051020982803253
crutches,0.34843797013079814,0.39720853040280124,0.3299202851392937,0.14879243174811818,0.28171063581202305,0.2784544154963915,0.3900981006074502,0.3896448401427087,0.31760758405145384,1.0,0.31854301235129345,0.3050197862938975,0.3319579590462445,0.3962171189213265,0.278203179521086,0.40481919503025554,0.2112028879862079,0.2429928076106982,0.28190893595050404,0.16112017146926805,0.3379538157955947,0.1955884356637959,0.32967669535355815,0.3048945293114631,0.36080953500002055,0.2634173574965717,0.12662128612760248,0.26670296538686866,0.31404267020704335,0.23731286609386792,0.10941178290474618,0.28944393697884796
diaper,0.40783993810643504,0.38279139111160887,0.3726556852755625,0.40006599617936645,0.40833597735923055,0.335003991626486,0.2950760484935392,0.2371382249792,0.30026292526675313,0.31854301235129345,1.0,0.290499121103429,0.2265870105739899,0.3337853172072469,0.32030115617029653,0.3821033975248347,0.3522694005631659,0.35795180892607226,0.2521716590531773,0.23796142576586288,0.398192076927397,0.33018895207167853,0.29392874924349743,0.24396734119152075,0.3707330411088223,0.32735045554933584,0.2828810884586318,0.24974407147042266,0.1363027315810701,0.3518502676366545,0.16595054431387746,0.39678972029188986
earmuffs,0.26502981496415967,0.31315447468315427,0.51271041729339,0.36540907854853133,0.4331902124398178,0.38414957703865626,0.3489717786271085,0.3773793414403257,0.4924693433378442,0.3050197862938975,0.290499121103429,1.0,0.5157381279387319,0.4117879868482579,0.409135019503045,0.36971093573537184,0.4225919403600171,0.49164987664148363,0.36209494123603925,0.3917092658487388,0.40301573673088087,0.4125996777391865,0.4414337035885125,0.4518350102554909,0.393876518322676,0.36989159391702653,0.4067338528989346,0.4289638649145282,0.1997015402464586,0.2995386549579999,0.33968027475224316,0.4658081186572649
earrings,0.2567171535034447,0.34494852378168317,0.4382501078920762,0.35489472798499855,0.3128402600662652,0.48299171770310045,0.2943913562419096,0.3316858272426144,0.42920038102076064,0.3319579590462445,0.2265870105739899,0.5157381279387319,1.0,0.40626260974893336,0.3311656938871089,0.4091689450980198,0.32996955053989796,0.3340845884609456,0.5790155416328887,0.3693613338507433,0.4409248150652947,0.4457184200483508,0.45498167111923804,0.4413322548594173,0.43601840947293624,0.4427244395486636,0.2918960002742219,0.31420273034359814,0.09717600555470518,0.41200217163930963,0.218669516001186,0.4393812507474837
glasses,0.25747740583037193,0.3911092426960008,0.39658890109764644,0.29067372376385725,0.34402396063136553,0.4067465312908942,0.3044642418414911,0.3504946846282082,0.3859825380051185,0.3962171189213265,0.3337853172072469,0.4117879868482579,0.40626260974893336,1.0,0.32968639561578095,0.3511251779999329,0.3899336379869427,0.4068346771222111,0.34951318098539463,0.30643209530677495,0.3752401884958021,0.30919929335824925,0.3674353730625052,0.6791900942292607,0.45802427288095826,0.23187959424011684,0.3727782150531256,0.33473782411646535,0.1971181919878635,0.3631596574842175,0.2879440074528756,0.338681599058692
glove,0.3253954873583762,0.2546905694247589,0.37277789373790937,0.33183929265027423,0.35776120418021173,0.4059569499621938,0.3487654760773333,0.29579204101989554,0.3315367218063534,0.278203179521086,0.32030115617029653,0.409135019503045,0.3311656938871089,0.32968639561578095,1.0,0.38100960347307666,0.40981276430124325,0.40086984326633446,0.3113523006938974,0.37662290683845967,0.38286050583018183,0.341357960683609,0.43422032555248746,0.3500845304194178,0.2866316371529828,0.22043820197001796,0.33292398882467533,0.3183625755806214,0.19322527142368728,0.41750269870563084,0.3426954548034742,0.3517656644763063
handcuffs,0.3331838578564976,0.3046558628078977,0.4169193149606498,0.4095241705034389,0.39557253737336495,0.4369785990693691,0.4098507852955109,0.2639658863562102,0.4673132559497357,0.40481919503025554,0.3821033975248347,0.36971093573537184,0.4091689450980198,0.3511251779999329,0.38100960347307666,1.0,0.2409543915526019,0.31918564261020266,0.42676774723963606,0.29339325198854693,0.461849612763671,0.3561482248167771,0.42189541626305527,0.3674708002707119,0.5555715916861207,0.26213341195746054,0.41407325050546606,0.22238686890947013,0.21312411432288947,0.3757453449074022,0.2598163626104393,0.31124473698821764
hat,0.3713122506286156,0.38702841924641407,0.5262335971253437,0.3767324727148029,0.44446638564237007,0.3651888634595445,0.2669686335721204,0.3026988821752272,0.4328300476253548,0.2112028879862079,0.3522694005631659,0.4225919403600171,0.32996955053989796,0.3899336379869427,0.40981276430124325,0.2409543915526019,0.9999999999999999,0.5013485280281201,0.39337570376365094,0.36965947838630475,0.36542413889995506,0.43776695839934465,0.5400712582854014,0.4309751066104516,0.33290006646959913,0.39173189479855586,0.4143099050927683,0.41029696089169043,0.2159395006574375,0.3394880006409866,0.29166697159536015,0.5182338850138626
helmet,0.4084529338752063,0.3881842753641982,0.49191958191957075,0.3213226579557614,0.3940927412294294,0.345782967401729,0.22440726738753203,0.2083511834923253,0.4211026801551879,0.2429928076106982,0.35795180892607226,0.49164987664148363,0.3340845884609456,0.4068346771222111,0.40086984326633446,0.31918564261020266,0.5013485280281201,1.0,0.3582430383350965,0.35548277870224454,0.2499123467847879,0.36925414509799226,0.3864936470528474,0.40707788848467974,0.28597752715624014,0.37290113296773253,0.4145032500355321,0.28945127071608145,0.2324771773019969,0.2953036710346336,0.27220629236158644,0.36419657339434575
necklace,0.39810191046068577,0.43624207320213415,0.4465494352932182,0.44947219038856145,0.4323708386661538,0.6438949793497545,0.351547357445241,0.3102250666528371,0.720298675951352,0.28190893595050404,0.2521716590531773,0.36209494123603925,0.5790155416328887,0.34951318098539463,0.3113523006938974,0.42676774723963606,0.39337570376365094,0.3582430383350965,1.0,0.42889876321631637,0.5101872082069653,0.5160044031181864,0.5420750773862187,0.3994903455150074,0.3788186497695556,0.4856041879189985,0.50035893216242,0.30195752393151176,0.1318710971264888,0.3934138144025898,0.30414152151575147,0.3790792341248609
pipe,0.3023448549892783,0.2617141343059425,0.29159827989161413,0.3249613100946691,0.4086511448838568,0.3535715936638312,0.41688135999444054,0.3479455375071908,0.4577441678636911,0.16112017146926805,0.23796142576586288,0.3917092658487388,0.3693613338507433,0.30643209530677495,0.37662290683845967,0.29339325198854693,0.36965947838630475,0.35548277870224454,0.42889876321631637,1.0,0.3198551598132273,0.43106533171574046,0.33571363099509655,0.2434171748944023,0.31925464311314444,0.3428902199198698,0.41788708377924655,0.3101015806277345,0.17062035359099237,0.32924778282377143,0.34749999179095836,0.3739082550218147
purse,0.3522869836838316,0.6268120092311532,0.45792781710768815,0.48055190823005434,0.40291184710679073,0.4956570085907803,0.37188829902568465,0.2942751887456587,0.4404804531082256,0.3379538157955947,0.398192076927397,0.40301573673088087,0.4409248150652947,0.3752401884958021,0.38286050583018183,0.461849612763671,0.36542413889995506,0.2499123467847879,0.5101872082069653,0.3198551598132273,1.0,0.3938388878692791,0.5445340699456978,0.4548536087251549,0.4052742349426235,0.35728093542104045,0.40432400985373895,0.4596637091626419,0.11700503113319283,0.6734993473618206,0.334009236961184,0.3732088784015377
ring,0.368995900809175,0.3394123555600078,0.3464111023132286,0.5479131076368241,0.410435004079027,0.5227069253718403,0.2847078863221447,0.3679376200002391,0.42781431487731636,0.1955884356637959,0.33018895207167853,0.4125996777391865,0.4457184200483508,0.30919929335824925,0.341357960683609,0.3561482248167771,0.43776695839934465,0.36925414509799226,0.5160044031181864,0.43106533171574046,0.3938388878692791,1.0,0.3473549590319758,0.2818102193598695,0.3580159474105875,0.38273889282028617,0.435466168487325,0.35463166666723434,0.20779632878817877,0.38356955507746315,0.45324621384768626,0.36668011053914507
scarf,0.43371537993355447,0.4197259553934177,0.5374382111779572,0.3836662558907691,0.44329277935738,0.48296525558251835,0.3597425012188118,0.31709272546087797,0.5259612094837718,0.32967669535355815,0.29392874924349743,0.4414337035885125,0.45498167111923804,0.3674353730625052,0.43422032555248746,0.42189541626305527,0.5400712582854014,0.3864936470528474,0.5420750773862187,0.33571363099509655,0.5445340699456978,0.3473549590319758,1.0,0.4749012229556605,0.3458954934597116,0.3877776964367381,0.4458408520262759,0.42951098335781723,0.19721168597228045,0.3841637351721009,0.29121528455787704,0.4484306991107706
sunglasses,0.2800518357759705,0.4047383385328165,0.5092633561970721,0.21671015676203553,0.35937426642277903,0.37667784597912435,0.30155933787895295,0.2453597203234712,0.39190741698162823,0.3048945293114631,0.24396734119152075,0.4518350102554909,0.4413322548594173,0.6791900942292607,0.3500845304194178,0.3674708002707119,0.4309751066104516,0.40707788848467974,0.3994903455150074,0.2434171748944023,0.4548536087251549,0.2818102193598695,0.4749012229556605,1.0,0.41160098181946814,0.25420332336426543,0.2920797375441444,0.4208421085488112,0.15352540218084842,0.38364353800743434,0.32877605017136835,0.3866209000976959
suspenders,0.344670030365663,0.3557062201539394,0.4436070855586117,0.5810357970214871,0.4675226561098247,0.4366973706105872,0.3329168369695792,0.3222394650145115,0.4255312872424013,0.36080953500002055,0.3707330411088223,0.393876518322676,0.43601840947293624,0.45802427288095826,0.2866316371529828,0.5555715916861207,0.33290006646959913,0.28597752715624014,0.3788186497695556,0.31925464311314444,0.4052742349426235,0.3580159474105875,0.3458954934597116,0.41160098181946814,0.9999999999999998,0.3605375023303896,0.4040663813489236,0.2498857070091447,0.1824218120510438,0.3692001672881,0.27322937827067584,0.3635177140149949
tiara,0.34974152578190987,0.25670868288995663,0.3637771873944101,0.3561909899231057,0.38437336599968464,0.420903269385837,0.2470576849512276,0.2714999528286365,0.3843893087824959,0.2634173574965717,0.32735045554933584,0.36989159391702653,0.4427244395486636,0.23187959424011684,0.22043820197001796,0.26213341195746054,0.39173189479855586,0.37290113296773253,0.4856041879189985,0.3428902199198698,0.35728093542104045,0.38273889282028617,0.3877776964367381,0.25420332336426543,0.3605375023303896,1.0,0.29813187505132055,0.33656287546471986,0.08786080285346531,0.23416485234503748,0.14370778371191673,0.4926916743205998
tie,0.3164032519076163,0.32888087781257114,0.4258341378762831,0.5046793142256334,0.41446142610885106,0.4629173527557957,0.3073147208375151,0.3150412343398048,0.5765582786483922,0.12662128612760248,0.2828810884586318,0.4067338528989346,0.2918960002742219,0.3727782150531256,0.33292398882467533,0.41407325050546606,0.4143099050927683,0.4145032500355321,0.50035893216242,0.41788708377924655,0.40432400985373895,0.435466168487325,0.4458408520262759,0.2920797375441444,0.4040663813489236,0.29813187505132055,0.9999999999999998,0.29409685061756563,0.26279405270550216,0.34347909632397133,0.38781250594475203,0.29232874019312516
umbrella,0.2673663991798839,0.39961380847037686,0.40976742516769127,0.2732623274665903,0.31526575482878916,0.3561214119667392,0.3395797537476919,0.3389630040288767,0.2698010147505383,0.26670296538686866,0.24974407147042266,0.4289638649145282,0.31420273034359814,0.33473782411646535,0.3183625755806214,0.22238686890947013,0.41029696089169043,0.28945127071608145,0.30195752393151176,0.3101015806277345,0.4596637091626419,0.35463166666723434,0.42951098335781723,0.4208421085488112,0.2498857070091447,0.33656287546471986,0.29409685061756563,1.0,0.2503346052221498,0.42143151230283826,0.2836814987949725,0.33936326636405223
walker,0.16384488075138526,0.2468655451767685,0.3044379327604524,0.1477350060352276,0.28939155463424493,0.0734285295416538,0.305234281850971,0.2712243170014047,0.21184898400545316,0.31404267020704335,0.1363027315810701,0.1997015402464586,0.09717600555470518,0.1971181919878635,0.19322527142368728,0.21312411432288947,0.2159395006574375,0.2324771773019969,0.1318710971264888,0.17062035359099237,0.11700503113319283,0.20779632878817877,0.19721168597228045,0.15352540218084842,0.1824218120510438,0.08786080285346531,0.26279405270550216,0.2503346052221498,1.0,0.06970076589458174,0.21952968849208454,0.10913645126913885
wallet,0.41222078111267024,0.4342219566377743,0.3945867282876554,0.4445225658733585,0.3466466762896292,0.44472448677353627,0.2928849242674645,0.24796644791171618,0.35494399395247145,0.23731286609386792,0.3518502676366545,0.2995386549579999,0.41200217163930963,0.3631596574842175,0.41750269870563084,0.3757453449074022,0.3394880006409866,0.2953036710346336,0.3934138144025898,0.32924778282377143,0.6734993473618206,0.38356955507746315,0.3841637351721009,0.38364353800743434,0.3692001672881,0.23416485234503748,0.34347909632397133,0.42143151230283826,0.06970076589458174,1.0,0.264938321930272,0.28675570129403494
watch,0.19896455505597643,0.2396581183260572,0.3332305471704404,0.3149695028606545,0.3187146716322651,0.4037188867312915,0.27100948816271275,0.440956772093992,0.2689441600704431,0.10941178290474618,0.16595054431387746,0.33968027475224316,0.218669516001186,0.2879440074528756,0.3426954548034742,0.2598163626104393,0.29166697159536015,0.27220629236158644,0.30414152151575147,0.34749999179095836,0.334009236961184,0.45324621384768626,0.29121528455787704,0.32877605017136835,0.27322937827067584,0.14370778371191673,0.38781250594475203,0.2836814987949725,0.21952968849208454,0.264938321930272,1.0,0.30165332292037494
wig,0.32549580674307255,0.3083456284969335,0.5460257653847154,0.35447664096338705,0.28261284616171567,0.39345384377775916,0.34093560526071354,0.35750409036976916,0.39051020982803253,0.28944393697884796,0.39678972029188986,0.4658081186572649,0.4393812507474837,0.338681599058692,0.3517656644763063,0.31124473698821764,0.5182338850138626,0.36419657339434575,0.3790792341248609,0.3739082550218147,0.3732088784015377,0.36668011053914507,0.4484306991107706,0.3866209000976959,0.3635177140149949,0.4926916743205998,0.29232874019312516,0.33936326636405223,0.10913645126913885,0.28675570129403494,0.30165332292037494,0.9999999999999998
