Musical Instruments,bagpipes,banjo,bell,clarinet,drum,guitar,harmonica,harp,piano,saxophone,trumpet,violin,xylophone
-0.054865528,-0.025571123,0.015637973,-0.039184567,-0.0055653425,-0.019560551,-0.028383564,-0.01627966,-0.051963545,-0.04977834,-0.02488475,-0.02771887,-0.03377725,0.0058968575
0.024790773,0.06524463,0.045889862,-0.027077824,0.017026033,0.027633933,-0.026961377,0.017089691,-0.006849517,-0.039062776,0.03075648,0.022237936,-0.030802887,0.0032319732
0.08269324,0.078088485,0.027134024,0.0049865157,0.077293806,0.07757009,0.0850814,0.07636982,0.06883291,0.08017198,0.07827406,0.07477697,0.07548046,0.057638336
0.068371564,0.031818524,0.028028797,-0.012593552,0.038278617,0.08164426,0.03333198,0.029309679,-0.015401481,0.020243667,0.01795928,0.019903935,0.039378494,0.07597311
-0.07203102,0.033764757,-0.05293921,-0.017391564,-0.048573878,0.029842865,-0.012513137,-0.021464162,-0.03040248,-0.017661,-0.05973667,-0.0147328405,-0.04630466,-0.02594965
0.019390887,0.042666532,0.014461404,-0.038202774,0.071823105,0.07530309,-0.0050449497,0.054008678,-0.02011069,0.03756443,0.07558718,0.05827798,0.029744439,0.031787142
0.002487744,0.046523478,0.053944573,0.03054622,0.053777423,-0.0019580934,-0.030305503,-0.04015816,-0.025802476,-0.021269867,0.019484678,0.04029968,0.03721145,-0.017806103
-0.0039546266,-0.016714102,0.00185698,-0.06807121,-0.04637483,-0.017738452,-0.019010836,0.00037280627,-0.011048419,-0.0025924682,-0.04149042,-0.02108547,-0.027088061,0.016912134
-0.014777122,-0.049536787,0.029368883,-0.017928129,0.022204846,0.031585336,0.047331188,0.040991157,0.03552696,0.028716644,0.04563719,0.012457082,0.06209791,-0.018545019
-0.034870867,0.014951325,0.030498324,0.017087268,-0.0059530493,0.00080386584,0.0143649625,0.051526625,-0.026075069,0.046768278,0.006291767,0.043685906,0.006223206,0.030703902
-0.025451746,0.04079451,0.01607511,-0.029478977,-0.045190275,0.017796112,-0.041897323,-0.026679495,0.03630296,0.0187374,-0.034670413,0.003360844,-0.02320373,-0.016710442
0.009178367,0.021955028,0.07378658,-0.032017395,-0.009229446,0.023358202,-0.05409497,-0.023894172,-0.0569688,-0.014951515,0.05288802,-0.018481439,-0.0041412897,-0.055777993
-0.007081315,0.042721465,0.029119868,0.039792433,-0.009203965,0.007696055,-0.025438799,0.029553816,0.04000887,-0.015693199,0.011460484,0.035251927,0.0646685,0.051153187
-0.031382192,-0.047627866,-0.0468013,-0.023526575,0.013054603,0.030593222,-0.03327252,-0.02926653,-0.0013471344,-0.029427994,-0.037726674,0.017359791,-0.011725692,0.041977648
0.072992586,0.057582237,0.016110018,0.026902761,0.0015958191,0.04433744,0.06716721,0.0397773,0.012939976,0.0141543355,0.05002497,0.013274136,0.049130373,0.05172941
-0.06302009,-0.037849627,-0.018067278,0.017441373,-0.028503729,-0.018923366,0.019326178,-0.040565804,-0.0014341203,-0.015189021,-0.05048875,-0.02584135,-0.028813325,-0.070203915
0.030270476,0.003339494,-0.048828937,0.009705526,0.036897466,0.01401639,0.048078045,0.044450365,-0.0138035575,0.022427844,0.06853203,0.00705854,-0.004089362,-0.042907946
-0.049960554,-0.03212715,-0.0019685323,0.06861768,-0.047850944,0.039610565,-0.027919179,-0.014892136,0.031178117,-0.059493653,-0.017014915,-0.037198503,-0.02152624,0.044449903
0.05330412,-0.010568833,0.020919539,0.045776498,0.061673373,-0.025582725,0.0470092,0.04782412,0.007976771,0.05890093,0.061909225,-0.04655787,0.06671363,-0.02641595
-0.057597194,-0.016588386,-0.062694624,-0.027536815,-0.07570837,-0.034524255,-0.07403374,-0.029400302,0.033828635,-0.07760137,-0.07080021,-0.0729191,-0.07441954,-0.06716258
0.070854284,0.038776737,0.030597636,-0.0013613545,-0.03401899,-0.01254118,-0.0229542,0.026293907,0.042768955,0.0014512396,-0.032747548,-0.0043657725,0.01612594,-0.05666712
0.06348209,0.051526345,0.070971094,-0.026495297,0.029367195,0.06197056,0.025648257,0.065157674,0.07393992,0.040608343,0.046594672,0.009703127,0.005310014,0.055478018
0.0288174,0.019486295,0.044540778,0.019541413,-0.042908918,0.016887397,-0.0064981715,-0.034386463,0.047894944,0.029344628,-0.030688185,-0.040953662,-0.0051844176,-0.04746946
0.006509241,-0.068275996,-0.008748772,-0.028047808,-0.008028271,0.028494278,-0.024919162,-0.0024127208,0.011705872,0.06983802,-0.021273123,-0.026013099,0.06697851,0.06664686
-0.08270065,-0.0813472,-0.078443095,-0.07594955,-0.079243116,-0.08943517,-0.08512497,-0.077181526,-0.08909765,-0.080731586,-0.078522675,-0.08153027,-0.07849207,-0.08271364
-0.003563227,-0.047344,0.040478505,0.016568368,-0.025080053,0.080010705,0.008022057,0.017603654,-0.0332386,-0.015721826,-0.040433057,-0.057305418,0.03734173,0.057292286
0.005562653,0.008684383,0.006385071,0.07640943,0.016037121,-0.08443584,0.056038342,0.031442456,0.06120728,0.03536381,0.036678445,0.04012654,0.025629105,-0.052148405
-0.019901652,0.040362444,0.03586364,-0.018069964,0.04231855,-0.03119236,-0.06511216,0.004587867,0.0053904415,-0.058113243,0.03971024,0.0029875045,-0.016959913,-0.03408788
-0.0012950419,0.0022026997,0.056208797,0.040503815,-0.023479212,0.05231872,0.01762784,0.037938777,0.03722389,0.042792846,-0.04633515,0.024150312,0.073104374,0.01063647
-0.011029066,-0.011295631,0.014049573,0.019880703,0.027510505,0.05262611,0.010145578,-0.016641898,-0.010466614,-0.033601932,-0.033279456,0.042965844,0.039424613,-0.024585411
-0.06169926,0.0717848,-0.059241828,-0.006208967,-0.003032002,0.0097741345,-0.045567717,0.06725983,-0.026027327,-0.0393298,0.056518953,-0.028356941,-0.009510556,0.048999645
-0.03754622,-0.018196391,-0.05598254,0.0015218313,-0.069788486,-0.035132546,-0.060909055,-0.033823784,-0.036370233,-0.03717532,-0.0662374,-0.07257991,-0.056754936,0.037419274
-0.05669901,-0.075356506,-0.07303866,-0.07139293,-0.04300231,-0.06715855,-0.029065706,-0.059290465,-0.062001556,-0.06364603,-0.018080771,-0.06666831,-0.05669219,0.009437279
-0.050579622,0.018095683,-0.0024984446,0.06535371,-0.07412612,0.046708796,0.046067897,-0.058223363,-0.0022209762,-0.07815355,-0.054530255,0.008865164,0.055084568,-0.06483297
-0.021052096,-0.041547228,0.027280875,0.053539626,-0.069752894,0.054234546,-0.04770368,-0.040479578,-0.037502848,0.019527994,-0.009767329,0.02419072,-0.0074793454,0.048903994
-0.016496915,-0.014257886,0.02643858,-0.03435148,-0.050250553,-0.007028464,0.067977995,0.035391875,-0.010262387,0.015103282,-0.06600238,0.028510584,0.07174355,0.012240933
0.048002135,0.03766529,0.04321658,0.0018286859,0.043373298,0.045913126,0.020413002,0.03304525,0.020732624,0.058491535,0.053851746,0.036540702,0.046425287,-0.0019234243
0.004837189,-0.032799423,0.06953833,-0.005445132,0.025057832,-0.03291952,0.014429454,0.038727693,0.06536097,0.037854295,0.016122172,0.056860857,0.010031804,0.07163367
0.026817735,0.04331784,-0.048224185,-0.007272088,0.020068074,-0.0026404306,0.03256988,0.062150143,0.034349516,0.027928116,0.013380294,-0.00018843608,-0.05732013,0.058485646
0.026869277,-0.052424397,0.016840613,-0.07427846,-0.035082407,-0.007570912,0.057805404,-0.026014782,-0.052570906,-0.049457192,-0.00023041661,-0.04902405,-0.049501225,-0.058227517
-0.048294406,-0.039717197,-0.014685155,0.005789559,-0.04494097,0.029618554,-0.019657617,-0.05964093,-0.047586214,-0.013524056,0.018673874,0.024898073,-0.053791076,0.055387832
-0.03239578,-0.0062290123,-0.061181903,-0.04641322,-0.07037207,0.010538896,-0.036990196,0.013458985,0.0023946383,-0.051755697,-0.02983286,-0.025039831,-0.045994345,-0.026609372
-0.03141876,-0.008765665,0.0014284902,0.009762048,-0.013631437,-0.05367094,-0.045541987,-0.03875134,-0.009285879,-0.06405361,0.01494918,-0.010293245,-0.014730086,0.050840665
-0.04621064,-0.06468755,0.011182486,-0.041231472,0.0054709944,-0.022729283,-0.033447567,-0.042626362,-0.031196361,-0.0345881,-0.051427152,-0.05838446,-0.035925098,0.027339257
-0.06215872,-0.070029356,-0.07451764,-0.071518935,0.0004559799,-0.06382389,-0.028732792,-0.0619033,-0.06058016,-0.044684578,-0.0584827,-0.06998177,-0.04643011,-0.04224325
-0.0531883,0.0050218245,-0.032079753,0.0603128,0.026952514,0.005057954,0.01797605,-0.031925905,-0.05059876,0.038942944,0.014231692,0.04879685,-0.060770717,-0.019954903
0.015602144,-0.055486143,-0.028753022,-0.06795669,-0.023028009,-0.048555944,-0.0072970483,-0.023909595,-0.045270775,-0.034530748,-0.047768913,-0.054211527,-0.04842202,-0.045272898
0.005505732,-0.0033035493,-0.0018832939,-0.069069244,-0.019519629,0.015632175,0.034320474,-0.018382639,0.002467577,-0.010651284,-0.014534237,0.058301684,-0.029595722,-0.062285203
-0.024330378,-0.00051048805,-0.056191653,0.07870564,0.021075562,-0.057987668,-0.0056067775,0.06098058,-0.029438563,-0.05165167,-0.00096192263,-0.03538859,-0.058245324,-0.0013451258
-0.016330205,0.033206724,0.053349193,-0.020403916,-0.0030733591,0.061565083,0.061704148,-0.0023317,-0.028984357,-0.055048946,0.022361519,0.01554109,-0.012817224,0.04426171
-0.0073565845,0.051531233,0.06836893,0.055010285,0.073519126,0.068941526,0.04762352,0.028348003,0.02002537,0.0442296,0.063290715,0.0797212,0.05017554,0.03938912
0.07952545,0.04279904,0.035595275,-0.054090865,0.056088798,0.042762913,0.04204515,0.03865692,0.03356058,0.07320432,0.046832137,0.040794007,0.054474145,0.026235491
0.05177377,0.07471687,0.055828325,0.0750933,0.07341265,0.08141728,0.06834421,0.064366266,0.079412244,0.074548274,0.07050792,0.07311989,0.07367408,0.0010193099
0.061782364,0.055608828,0.06578504,0.061606094,0.066086635,0.06794992,0.08248947,0.054060098,0.03524644,0.07363732,0.07239717,0.064384244,0.06397964,0.056661796
0.044694055,0.0041035526,0.040627956,0.06860466,0.046188094,-0.027299713,0.08019469,-0.0048264,0.07228313,0.06913865,-0.061613537,0.031012537,0.07319335,0.037126597
0.013133825,-0.0022114005,0.053232748,0.05101323,-0.0070211915,0.06482404,-0.06425047,0.055943526,0.05559474,-0.01611017,0.019847259,-0.029118508,-0.011617691,-0.0006633328
-0.03601301,-0.009205859,0.045484047,-0.00302525,-0.024006298,0.019775264,-0.039558046,0.027173646,0.047372963,-0.016386619,-0.0036868376,-0.014805735,0.02762766,0.051092446
0.0011765793,-0.080180414,-0.07399059,-0.062149365,-0.002563512,0.03684603,0.005127932,-0.05961139,-0.0754292,-0.036862962,-0.012010872,-0.03488835,-0.061906733,0.035725214
0.053850222,0.0017767383,0.019237855,0.06616169,0.066881336,0.021156996,0.029106505,0.012657973,0.046400048,0.059891526,0.051361363,0.07381976,0.046766073,0.059451554
0.03180843,0.05252954,0.015414422,0.034263633,0.040979184,-0.00037921782,-0.044293597,0.059047926,0.054395083,-0.06396023,0.048221137,-0.039312344,0.010078677,0.023363901
-0.018256137,-0.037764233,0.019667324,0.021529032,-0.06368036,0.007180089,-0.027543766,0.0024515104,-0.039318196,-0.04157563,0.029670263,0.04862933,-0.05273211,-0.0662431
-0.004583818,0.056540802,0.0073957695,0.026497269,-0.06268225,-0.073247746,0.038506377,0.055591773,0.0024492512,-0.039545875,-0.026499676,-0.04757735,-0.05341542,-0.061971895
0.022761723,0.019929882,-0.008285289,-0.04373034,0.014903313,-0.011850386,0.06067409,0.034026474,0.014646933,0.043663613,0.012904398,-0.029337494,0.020498112,0.047473922
0.03536978,0.052673858,0.017767083,0.06905702,0.032861046,0.061293665,0.055047713,0.010286811,0.023682036,0.060969356,0.052254695,0.06230663,0.024450647,0.016810376
-0.0212952,-0.017091906,0.018225485,-0.012267001,0.046197265,0.0167566,-0.06492941,0.015929738,-0.024392156,0.06515433,0.062189452,0.038321245,0.030885719,0.063265234
0.04554282,0.04276332,0.05330086,-0.0023148265,0.050042216,0.025895251,0.020300597,0.016629752,0.032087788,0.012902241,0.016745908,-0.0023480093,0.011361484,-0.008517489
-0.06885408,0.0035921745,-0.045218498,-0.054015227,-0.0698463,-0.049875364,-0.05990782,-0.027804261,-0.046038248,-0.06483597,-0.064979196,-0.051567856,-0.042090997,-0.054788277
0.011442487,0.03676774,-0.0036452846,-0.019427577,-0.016567476,-0.05104236,0.0023874207,-0.021181054,0.045658752,-0.02615472,0.046846606,-0.0016175555,-0.019390056,-0.019507399
0.048627134,0.028766213,0.009973048,0.06973017,0.07352622,0.07597654,0.05840425,-0.02837236,-0.0071232673,0.05580718,0.069589086,0.07590749,0.059908886,0.008749329
0.04107159,0.065868355,0.06513151,0.07401323,0.012762515,0.004953625,0.067475826,0.0073921992,0.076666914,0.07272943,0.014998537,0.044820778,0.041703008,0.048869696
0.03353731,-0.031309247,-0.042259768,-0.00079388806,0.00910529,0.002942714,0.044962753,0.0048016156,-0.06663503,0.0061297272,0.013781025,-0.03819554,0.05163812,0.04179017
-0.024828115,0.03761687,0.010821382,-0.020109456,-0.029362405,-0.017719874,-0.023881856,0.0449357,0.039153967,-0.015472139,0.0046533197,-0.051765118,-0.040333804,0.04054434
0.041213233,0.032960307,0.03928386,-0.027350543,0.07015705,0.04104348,0.058931086,0.04255059,0.055929746,0.06232825,0.06136946,0.058006935,0.017177457,0.02479024
-0.028776929,-0.008625645,0.0033206195,-0.026191542,0.00062956486,-0.028549166,-0.044086434,0.035195164,-0.009043003,-0.02241256,-0.041349195,0.018394899,-0.0484894,-0.008401905
-0.06740814,0.0012467603,-0.058591288,-0.058913063,-0.017828412,-0.0037126304,-0.067342825,0.010753715,-0.0615656,-0.0020261698,-0.06146506,0.031085407,-0.07117703,0.026959922
0.06972263,0.031945013,0.07673473,-0.042238045,0.05571788,0.010542865,0.0466251,0.06930511,0.059837516,0.06865712,0.060675204,0.007932566,0.04597176,0.05872798
0.051439956,0.047171917,0.06963194,0.05271712,0.023066424,-0.04563883,0.028902268,0.014049845,0.064509206,0.026567105,0.058521695,0.052175406,0.03640327,0.009115031
-0.07050186,-0.04845139,0.005072331,0.06270326,-0.05821315,-0.05941842,-0.023113877,-0.07328258,-0.06441981,-0.05215987,-0.014544032,0.0154772,-0.013354292,-0.07765999
0.013234725,-0.038775012,-0.06418075,0.04045301,0.0031956194,-0.0146443015,-0.027687341,-0.034661368,0.030450087,0.00041584208,-0.007843721,0.050901107,-0.020578425,-0.0034789531
0.033026278,0.004838987,-0.030480342,-0.054120105,0.027094193,0.017166084,0.013404013,0.010030514,0.046849847,0.047223214,0.042839345,-0.039935634,-0.013111704,0.058928277
-0.030855617,0.03525319,0.0048621115,0.0044294237,-0.02521345,-0.06608253,-0.061734118,-0.014566072,0.06172446,-0.04637682,-0.017568352,0.025030077,0.008253364,-0.03986741
0.0122247385,-0.018087287,0.009342815,0.03133537,0.026701745,-0.002877079,-0.0066542053,0.027890584,0.036334764,-0.0065517393,0.03196574,0.034023058,-0.03388236,-0.020979114
-0.07742991,-0.0681034,-0.07277906,-0.070140876,-0.061481044,-0.07547792,-0.06923682,-0.06606497,-0.057959955,-0.07705264,-0.06957566,-0.07172127,-0.069360204,-0.04373877
0.044745848,0.0360372,-0.053220317,-0.04186439,-0.015196283,0.051934008,-0.023773298,0.0050770035,0.05351542,0.041271035,-0.013185068,-0.0048406427,0.045965467,-0.05524483
-0.036127497,-0.057374015,0.016247062,-0.046941508,-0.06420495,-0.01411953,-0.012827695,-0.049117744,-0.0018326984,-0.044488315,-0.013270262,-0.03283372,-0.017423265,-0.033367418
-0.0105792675,-0.04060259,-0.037902795,-0.018558547,-0.03912477,-0.032824524,-0.011695294,-3.5598627e-05,-0.01383738,-0.027452318,-0.043286167,-0.044389773,0.0055269795,-0.037049945
-0.060418606,-0.054124504,-0.0021226807,-0.040731814,-0.054455247,-0.080519415,-0.047191616,-0.03252867,-0.024676567,-0.06047968,-0.05651198,-0.07448734,-0.04893435,0.01684522
0.036030006,0.055785414,-0.015820706,-0.06576533,-0.011455403,0.0046573863,0.01714938,-0.024080565,-0.041957166,0.052076653,-0.025736172,-0.058407385,0.0051661157,0.018017426
0.06836595,0.020481149,0.04392315,0.045087244,0.061311588,0.04510198,0.066810966,0.02964011,0.04759388,0.036774483,0.06332197,0.059899535,0.036889214,-0.013062333
-0.020647652,0.016213797,-0.07471061,-0.025162574,-0.04721956,-0.009013906,-0.04296599,0.028832959,-0.015581349,-0.05380526,0.035845365,-0.062262017,-0.031670924,0.05090427
0.05291934,0.03973556,0.009707666,0.038666535,-0.009971708,0.019035693,0.0068866475,-0.034418408,0.032209836,-0.02840913,-0.023070402,0.046370745,-0.012276623,-0.0108427
-0.0681864,-0.04739601,-0.041924898,-0.036040153,-0.06529577,-0.04860756,-0.0381517,-0.051059026,-0.01607714,-0.04425347,-0.04276987,-0.04269141,-0.027024334,0.0044921823
-0.051430553,-0.007952602,0.061975133,0.06534472,0.033241544,0.04563399,-0.042626344,-0.023226134,0.028641418,-0.003521367,0.016793428,0.032160737,0.0068078307,0.050301958
0.03543271,-0.030064454,0.0680139,0.01566801,0.045603987,0.033563945,0.068650916,-0.013213309,-0.013258727,0.032854516,-0.007095029,0.018411703,0.063941434,-0.01152137
-0.038771186,-0.057840955,-0.049361505,0.027180946,0.056720812,-0.010272978,0.0364858,0.028915124,-0.041050054,-0.007720417,-0.0015998409,-0.019975804,-0.022007598,0.032395978
-0.0111654,-0.073108554,-0.020591702,-0.05902175,0.04494881,0.03252282,0.0102443695,0.0070854463,-0.012265967,0.040848322,0.06429626,0.036121707,0.049428582,0.0277286
-0.006470339,-0.05940119,-0.05740355,-0.014200853,-0.040693954,-0.0660599,-0.007722793,7.240847e-05,-0.023172747,-0.015116185,-0.03291443,-0.066548005,-0.030989233,-0.08060876
-0.07653655,-0.054065585,-0.014415451,-0.06896433,-0.056586593,-0.07748048,-0.07177368,-0.05255715,-0.009722266,-0.07015136,-0.055254806,-0.04874797,-0.0513445,-0.047154482
0.03093528,0.062982924,0.06431887,-0.03359129,0.014611506,0.00725289,0.004522768,0.027776258,-0.0028291498,0.047816545,0.04430365,0.029978136,0.026508037,0.07585802
-0.017649304,-0.008142335,-0.005380718,0.031503607,0.009679349,0.011935229,-0.037739184,-0.049533386,-0.03070828,-0.045570575,-0.017121749,0.0020780652,-0.01583942,-0.04074117
-0.004537008,-0.039928395,-0.04040771,0.043883745,-0.053922813,-0.020908287,0.053908344,0.063237675,0.063597694,0.0369435,-0.033545673,-0.07845918,0.033642363,-0.0074536833
-0.070001766,-0.06313398,0.0025807733,-0.048766274,-0.055130143,-0.052676518,-0.06376447,-0.043277904,-0.04871493,-0.04887985,-0.061199594,-0.062243376,-0.046342894,-0.038071442
-0.041522764,-0.03076726,-0.067893274,-0.049689993,-0.054050803,-0.050170545,-0.03647583,-0.042000465,-0.05833708,-0.068295226,-0.06600403,-0.07309954,-0.060173865,-0.021084841
-0.00395539,-0.07087863,0.017461976,-0.07366167,0.009203741,0.011743108,-0.070998326,-0.06074982,-0.044243705,-0.06351021,0.03914005,-0.066244446,-0.05468551,0.016318575
0.008214877,0.067525156,0.0677758,0.06134063,0.004358897,0.04038338,0.03915452,-0.0016331114,0.030634103,-0.009298343,0.028657183,0.06322725,-0.03890313,0.044003267
0.021690555,-0.0769259,0.039263688,-0.003952119,-0.060183387,-0.073134854,-0.04248477,-0.02286411,-0.018240616,-0.0486984,-0.017509934,-0.052413907,0.030799903,0.0042111003
-0.077551,-0.021950647,-0.07493499,0.052054763,-0.0145023335,-0.04736174,-0.057646643,-0.06234057,0.020698344,-0.0777818,-0.03487786,-0.004074059,-0.0687147,-0.0712854
-0.022298936,0.025117336,-0.04385291,0.054921318,0.060936943,-0.030845933,-0.010390231,-0.042935815,-0.052017633,0.025892626,0.03508075,0.036471713,-0.03189162,-0.022174606
-0.051611703,0.049980536,-0.056596667,-0.0007624006,0.069816746,0.057465706,-0.058073558,0.06769509,-0.045418497,0.035584886,0.05610974,0.07836908,-0.02905164,-0.059313405
0.056159426,0.0737612,0.021370444,0.06822715,0.06861646,0.057428576,0.023268603,0.01242009,0.0086640455,0.04751149,0.051016726,0.0559568,0.02898249,0.07599164
-0.0073705656,-0.053724065,0.012259519,0.012340393,0.02707779,0.020032251,-0.011093188,-0.023363607,-0.061987408,-0.023612885,0.04567028,0.030490138,-0.014822174,0.030201403
0.063937046,-0.019022824,0.049017947,0.001957153,0.017989786,0.044902526,0.052174218,0.06315722,0.03982877,0.03692504,0.053276017,0.0089564305,-0.009441767,0.050596137
-0.0014135336,-0.008045598,-0.023853136,-0.05889243,-0.023421537,0.005678706,-0.028862683,-0.021994146,-0.06288987,0.0321214,0.0072368137,-0.023292158,-0.014234825,0.040350255
0.045102052,-0.0058361776,0.05785403,-0.016196774,0.0485461,0.0056780903,0.067009985,0.047588974,-0.023126297,0.06985602,0.03374496,-0.005409158,0.035015333,-0.04580907
-0.004714291,-0.03933941,-0.026229322,-0.045638997,0.05054716,-0.008651015,-0.031830072,-0.004429713,-0.045011405,0.012282379,0.004312464,0.03038776,-0.045964032,-0.041017085
0.051093563,0.046668455,0.033492617,-0.042210586,-0.0038710367,-0.01789771,0.047925804,0.002583221,0.020288285,0.009786052,-0.02013835,-0.011356205,-0.014146266,0.0021214208
0.027598513,0.019680133,0.0669039,-0.06301246,0.0039405264,-0.04826953,0.0669491,-0.05574818,-0.060129754,0.021299105,0.037542194,0.0074761184,0.0068994225,-0.06725981
-0.0017337211,0.0030943563,-0.041337226,0.06035664,-0.0690237,-0.0070998347,0.034457948,0.030359847,0.020210436,0.0672536,-0.052665904,0.023018211,0.051102646,-0.033613637
-0.02045161,-0.043493934,0.058036815,0.04904889,-0.051840816,-0.019406533,-0.058671385,0.022670576,0.024217784,0.07270907,0.023298271,-0.027258627,0.05244497,0.03840202
-0.0072222035,-0.0032731306,0.006246102,0.062234923,0.034208737,-0.029994905,0.04934332,0.0038726612,-0.017033046,-0.01253342,0.05812598,0.07403531,-0.05796731,-0.009408734
0.020225482,-0.059009004,0.035756987,-0.071506694,0.008583812,-0.059661802,-0.04107617,-0.053523067,0.010463232,-0.06705048,-0.042548627,-0.039613504,-0.06531502,0.006870705
-0.010112507,-0.06470459,-0.04633939,0.038376976,-0.063801914,-0.061223567,-0.0211144,0.0058482504,-0.037606098,-0.018189853,-0.0677017,-0.07067057,0.0061390908,-0.054330096
-0.07205712,-0.069469236,0.050537135,-0.033145733,-0.021014392,-0.070483916,-6.7504036e-05,-0.023414893,-0.0026166253,0.05301844,-0.028434923,-0.06628602,-0.0076200417,0.049387127
-0.08205675,-0.07934065,-0.07365825,-0.066408716,-0.0767116,-0.07769412,-0.08248693,-0.07539059,-0.08499791,-0.076412335,-0.07786792,-0.080064975,-0.07460222,-0.06411176
-0.068008214,-0.059684485,-0.01023512,-0.04562704,-0.0018277359,0.02970745,-0.04702188,0.025751127,-0.017702948,-0.040382665,-0.030146543,-0.045095056,-0.06853436,-0.035928313
0.0006492107,0.013223955,0.0018698935,0.07018728,0.06700456,0.07371401,0.04321434,0.029341614,0.034338184,0.06599059,0.046240855,0.06580433,0.023722507,0.03562728
-0.02694667,0.0055697476,-0.02475367,-0.017150182,-0.044340733,0.026330654,-0.023116013,0.020503728,0.0047572306,-0.056831453,-0.035684314,0.04036394,0.01594887,-0.004689249
-0.08268498,-0.06582101,-0.06879301,-0.018836956,-0.049559172,0.007160834,-0.08468068,-0.0738115,-0.01950238,-0.08031674,-0.07771458,-0.03893719,-0.07366113,-0.06835702
-0.04356248,-0.023012858,-0.046926245,-0.026442429,-0.011496825,-0.04671486,0.0005848263,-0.03376691,-0.04844327,-0.03273502,0.012029685,0.0319532,4.4064753e-05,-0.04447178
-0.019204848,-0.008572227,-0.057717185,0.033925984,-0.06395368,-0.037063,-0.01633526,0.052909438,0.0072921813,-0.045941968,-0.06583486,-0.06406443,0.020559141,-0.05107328
-0.019091427,0.0011667034,0.04549303,-0.06111293,-0.035271384,-0.009941831,-0.06487001,0.015549437,-0.042817347,-0.061583668,-0.053332474,-0.036988143,-0.07654503,-0.047850303
0.020374743,0.04314341,-0.006947285,-0.002506426,0.021043528,0.030528584,0.015757503,0.022955168,0.04616282,0.018678287,-0.011643184,0.024702013,-0.038023267,0.05024596
0.03848927,0.063384175,0.07652299,0.07290594,0.06691233,0.07564693,0.04936538,0.060755894,0.08020473,0.0641803,0.064927086,0.071804255,0.04915414,0.08071576
0.07616877,0.06499965,0.055213343,0.04954878,0.06714257,0.07322365,0.031326927,0.050963476,0.056143202,0.045894086,0.06227898,0.06319349,0.048127975,0.062491685
0.067652404,-0.02345084,0.07592883,-0.06507439,0.06789955,0.060080945,0.06598463,0.051666964,-0.025202435,0.0569168,0.048234873,0.044661257,0.05619883,0.041082144
0.04011104,0.026731541,0.02345011,0.061401565,0.018845722,0.03554443,0.02970099,0.045303594,0.07634098,0.051947996,0.031354222,0.0031836415,0.047355596,0.075049505
0.061514985,0.066172615,0.056360204,0.060836814,0.04042964,0.047616333,0.06759291,0.058736622,0.05700104,0.07343278,0.03285281,0.06803342,0.06659159,0.073145404
-0.052376494,-0.059358634,0.015417101,-0.0070006503,-0.06820099,-0.062196314,0.060417086,0.010847931,-0.07053905,-0.04676041,-0.017342348,0.04094639,-0.029958049,-0.029737052
0.028761951,0.048020843,0.021540454,-0.02538347,0.05111622,0.04645714,0.010731494,0.019009255,0.021888224,0.012848125,0.022645514,0.05448526,0.053046227,-0.03841984
-0.037942912,-0.061138734,-0.071214795,0.054849997,-0.054632314,0.046153404,0.00061446696,-0.075936854,-0.07892047,-0.04961669,-0.066255026,-0.0759027,-0.06508615,-0.033805117
-0.03796025,0.018154634,-0.04313838,-0.033264756,-0.062825,0.02369467,0.007972543,0.02930241,-0.032573204,-0.040792648,-0.040804848,-0.07086779,-0.0301976,-0.03574015
-0.047711443,-0.058697704,-0.02294617,-0.034815326,-0.049531974,-0.010957196,-0.072362036,-0.017972304,-0.059617992,-0.06620237,-0.058430593,-0.06106149,-0.054568257,0.00019058373
0.040548824,0.055160377,0.019939171,0.021529239,0.02979598,0.0761949,0.06792613,0.03815224,0.018345643,0.046416536,0.054505717,0.04546248,0.04106361,0.0497745
-0.08269958,-0.08116963,-0.07806625,-0.067960806,-0.07913291,-0.08553416,-0.08510392,-0.076765604,-0.088470645,-0.08065265,-0.07847487,-0.08072333,-0.078360446,-0.08170231
0.005772814,0.017413838,-0.06417276,0.019854955,-0.003649178,0.0073534814,-0.055892263,-0.052671522,0.0050864583,-0.04830993,0.013057058,0.05016239,-0.028020613,0.047559146
-0.014754393,0.0075599635,0.007599199,0.014236025,0.067613855,0.06888957,-0.07644578,-0.053548798,-0.03236452,-0.0176586,0.020303283,-0.014275107,-0.03650898,0.02450403
0.031642064,-0.052609682,0.042963155,0.021663608,0.061227184,0.0026894463,0.012719994,-0.051028892,-0.015164546,0.060043585,0.04002929,-0.0060527367,-0.018911071,0.06210504
-0.056570794,-0.06492178,0.00081848557,-0.015189407,-0.07044528,-0.023355732,-0.054466467,-0.061592072,0.020486489,0.0010367944,-0.07469719,-0.06518386,0.025570069,0.0067952517
-0.016004318,0.007940891,-0.04194409,-0.05814216,0.030383078,0.002999167,-0.012869613,-0.04249879,0.0131238,-0.049555786,-0.009680749,-0.026210926,-0.03191269,0.006109907
-0.036826093,-0.05821298,-0.01795794,-0.021412924,0.023689333,0.0038567088,-0.033195965,-0.059363984,-0.061337493,-0.0006359943,0.050540812,-0.04728264,-0.049358014,0.0066620167
0.016561788,-0.009360544,-0.0010018061,-0.0043131416,-0.01662084,0.03127401,-0.0078052655,0.05211102,0.009025569,0.016531767,0.061364606,0.036808424,-0.017622901,0.0048519825
-0.020401023,0.035342604,-0.0129311085,0.0108679645,0.051928986,0.032366816,-0.0012266866,0.015812201,0.023615425,0.013980518,0.047508992,0.0005879046,0.057897862,0.033170585
-0.044778135,-0.044927616,-0.049252994,-0.04858834,-0.058511354,-0.029426726,-0.0723345,-0.04088299,-0.05947241,-0.037506104,-0.0082641,-0.06137763,-0.031814188,-0.017750582
-0.07154374,-0.057029955,-0.028704932,0.08085443,-0.018182945,-0.0782733,-0.081420615,-0.072004974,0.013847449,0.056059293,-0.06438534,-0.07755096,0.003526272,0.06027804
-0.038194545,-0.07359883,-0.0379608,-0.05108974,-0.008280523,-0.037715424,-0.02218876,-0.050221335,-0.0726373,-0.06652897,0.023243064,0.023810862,-0.029606314,0.00407697
0.04207933,-0.026374357,0.015369976,-0.060602445,-0.041489694,-0.0500528,0.0200731,-0.0063436385,-0.022994556,0.007233558,-0.025035251,-0.030975668,-0.016770747,-0.028267909
-0.010344605,0.020548504,0.033286586,-0.067868374,-0.07557071,0.0038069375,0.0537821,-0.0029336615,-0.06855476,-0.03904823,-0.07572777,-0.07476912,-0.040737487,0.033968683
0.031357408,0.020670505,-0.022832356,-0.07224322,-0.06761356,-0.033992983,-0.078007735,-0.060323395,-0.03665119,-0.07034904,-0.05893077,-0.06928996,-0.05789906,-0.04932322
-0.002317621,0.0031398577,0.034548864,0.0350784,0.009640061,0.051909823,0.05796702,-0.034326613,-0.06056375,0.044440173,0.009717092,-0.033491395,0.037884448,-0.017630268
-0.04417591,0.048943408,-0.03924955,-0.032640845,-0.037775286,0.050156534,-0.06003003,-0.055503465,-0.042532276,-0.03925515,-0.04653029,-0.0683249,-0.060004324,-0.051435404
-0.031127362,-0.030933999,-0.048139215,0.02726156,0.003413579,0.026847135,-0.028964913,-0.072736286,-0.014863252,-0.042884596,0.07203975,0.026606249,0.004898057,0.02703548
-0.02987863,0.033184484,-0.04301924,-0.052008715,-0.06782565,-0.03261137,0.0168263,-0.07192355,-0.048628293,-0.051405884,-0.07174948,-0.036071826,-0.0148246875,-0.051224153
-0.03789575,0.027718207,-0.008534412,-0.019948734,-0.03893932,-0.0054565277,-0.05232786,-0.0509594,-0.055439558,-0.054308508,-0.014053876,-0.04707112,-0.031645104,0.016420702
-0.04982162,-0.05252642,0.018894596,0.015220297,0.024990777,-0.020295907,-0.047487766,-0.052107327,-0.027578069,-0.05824685,-0.022860704,-0.015260456,-0.019056298,-0.009620099
-0.045136757,-0.04022568,-0.044962913,0.009764103,0.0016763381,-0.018831844,-0.022988189,-0.041192666,-0.05403322,-0.007647599,0.00070119556,-0.0056656306,-0.026047088,-0.034913443
0.06573696,0.048013505,0.069520704,0.024985306,-0.008619869,0.067483604,0.061762158,0.035575457,-0.0038043067,0.007933689,-0.013501617,0.010663576,0.059087448,-0.0112509625
-0.04018415,-0.054817267,-0.055290084,0.0001603605,-0.061810672,-0.03348,-0.06958496,-0.06538742,-0.05575229,-0.045414846,-0.04925546,-0.057616897,-0.05749462,-0.029786319
-0.0040574633,-0.0258,-0.048796084,0.007379391,0.07299031,-0.03397834,-0.035122022,-0.06145574,-0.07465149,-0.041194484,0.052737944,-0.017956376,0.019424643,-0.032818444
0.040875167,0.006992386,0.054671027,-0.0011823633,0.0027394688,0.021680487,0.007821905,0.029409075,-0.022240162,0.021068256,-0.001508461,-0.0411235,-0.00046974118,-0.003925369
-0.027906245,-0.0200847,-0.0122932065,0.036882047,-0.014320693,-0.055428933,0.020494228,0.00060357264,0.027207421,-0.027970232,-0.037070204,-0.018173482,-0.04378155,-0.048332606
0.007545405,-0.03368182,0.039876305,-0.072787166,0.0006513711,-0.0022542356,-0.036722243,-0.010822839,-0.05192996,-0.05123636,0.03940332,0.0055285613,-0.023943512,0.06666784
0.035824742,-0.014637046,-0.03486548,-0.044868436,-0.020976497,0.04487779,0.029956251,0.060351983,0.02123043,0.003510946,0.0024502003,-0.0009172292,-0.037326716,0.047519837
-0.0544003,-0.02862926,0.047110647,-0.038961224,0.021064177,-0.06362765,-0.045759164,-0.05738021,-0.024093136,-0.071902715,0.014592606,-0.023861814,-0.011783556,0.05610303
-0.0105389645,-0.07158353,0.006558888,-0.055526573,-0.01357751,-0.013477621,-0.030068561,-0.0022894465,-0.049171306,0.00068041426,-0.012690474,-0.009498544,0.054790195,-0.00035463108
-0.05971819,-0.051250335,-0.0343094,-0.060210735,-0.07428668,-0.07671462,-0.03851718,-0.05810984,-0.017327197,-0.07758996,-0.07198064,-0.07696232,-0.007352841,-0.008099714
-0.03482604,0.010268168,-0.059343696,0.064149976,0.017124144,-0.01070669,-0.06645203,0.01756306,0.022835579,0.01003772,0.021283347,0.07352814,-0.051496398,-0.061904076
0.042569958,0.072933614,0.020895494,0.03246287,0.033574183,0.043291826,-0.0069578136,0.061529793,0.06433804,-0.018382225,0.01604144,0.001291775,0.023513807,0.030062446
0.036886834,-0.0020964283,-0.07380998,0.058487102,-0.05769083,-0.07728941,-0.04355311,-0.027777676,0.040913828,0.0024281573,-0.029040305,-0.0136502925,0.07186921,-0.047107287
0.06708629,0.02194867,-0.03094329,0.009701475,0.0004911319,-0.025520736,0.04468588,0.005917561,0.04643446,0.034580972,-0.036046125,0.0010254983,0.0069897347,0.024230944
0.011723568,-0.029079385,-0.007040705,-0.030100435,-0.03196874,-0.04750296,-0.021431945,-0.018540638,0.018798318,-0.055346258,-0.03726782,-0.0695014,0.0015561753,-0.028902402
-0.048548277,-0.07204415,-0.04520732,0.06623778,0.053825505,-0.021657098,0.004171432,-0.02552086,-0.077800326,-0.03988148,-0.009711278,-0.010994979,-0.052485324,-0.028708272
0.04990056,0.057818793,0.07474908,0.023063025,0.0626871,0.030987399,0.049755145,0.047905657,0.049472004,0.033730477,0.036272887,0.024406442,0.06874473,0.07349307
-0.04282033,0.01691851,0.022714483,0.0029201244,0.04276095,0.0067688245,0.03010235,0.03585434,-0.0072626197,-0.0018801014,0.007203265,0.04241325,0.043883223,0.05167272
-0.011963879,0.06210582,0.06875295,0.07509558,0.05395226,-0.0484524,0.019890899,0.019997094,0.07657268,0.06536619,0.029506393,0.06079115,0.058369707,0.023356795
-0.008264875,-0.034709703,0.008284965,0.0019955072,0.04712485,0.0093025,0.064745925,0.020799804,-0.072200894,0.06997327,0.07091859,0.0011394661,0.043161284,0.06660491
-0.023226956,-0.029216371,-0.05764757,0.031317998,-0.022692442,0.052937794,-0.05015527,-0.044802513,-0.04798553,-0.05562471,-0.048232,0.031791374,-0.04070026,-0.020312436
0.0015015691,-0.021398062,-0.011063997,0.026310438,0.039574586,0.023223834,0.017708458,0.055549927,0.002573868,-0.04428039,0.06293845,0.0054347445,0.0018604588,0.04186068
0.038862728,0.036970727,0.037800267,-0.03132117,-0.037516844,-0.033227887,-0.034262594,-0.0074027083,0.034499593,-0.016236376,-0.02871407,-0.036164295,0.0049679116,0.006330547
0.06809893,0.06210207,0.045650426,0.02533516,-0.0015400773,-0.0040444178,0.072735906,0.06471988,0.032969218,0.037862197,0.0057305405,0.00040001434,-0.034027804,0.022226553
0.063856035,0.06532186,0.07169645,0.009167037,0.05056005,-0.0025718324,0.03401912,0.04581458,0.051685546,0.049683273,0.049061198,0.018592631,0.06304005,0.068234414
0.007324938,-0.058012582,-0.07552794,-0.04901705,0.008156532,0.013209119,-0.0071731796,0.019530142,-0.028876709,-0.03572361,-0.027799364,-0.052374665,-0.04679277,0.045742795
0.07452193,0.07365027,0.06743782,0.058493547,0.05780508,0.037552394,0.07139044,0.07481504,0.070742376,0.077800386,0.077708595,0.06546819,0.07335658,0.072373934
0.03774801,0.012242298,0.07493052,0.03981933,0.07236234,0.08268129,0.07591785,0.07021824,0.07148256,0.071950875,0.069881365,0.06366253,0.07417702,0.07143221
-0.08260843,-0.081079274,-0.07136599,-0.033260476,-0.074280016,-0.030913575,-0.084030546,-0.074648276,-0.060618244,-0.077002004,-0.07721576,-0.07023744,-0.07254619,-0.07882389
-0.03744033,0.030454349,-0.06119359,0.009009938,-0.032682408,-0.04503944,-0.01873039,0.0021360877,0.0099472925,-0.017445832,-0.0751877,0.036047388,-0.07534641,-0.06495764
-0.067871265,-0.0559234,-0.03534197,-0.07541388,0.0042781015,-0.07724571,-0.059317235,-0.057416297,-0.029467568,-0.035747573,-0.0123355575,-0.0009653816,-0.053686548,-0.074211255
0.008360582,-0.006940607,-0.0430929,0.057065744,-0.055031147,-0.034214478,-0.031349346,-0.056444257,-0.015029507,0.0155228255,-0.036189098,0.03081202,0.00087276363,-0.02981466
-0.040508505,-0.06492051,-0.01982823,-0.03510404,-0.07672108,-0.049001243,-0.045090307,-0.059952192,-0.061794907,-0.031089084,-0.06981594,-0.061503343,-0.055293642,-0.011380159
-0.0119711375,0.011931135,-0.055765543,-0.009698337,0.00712974,-0.046953563,0.026228683,-0.056665454,0.044069543,-0.020977942,-0.03997195,-0.03509065,0.03156567,-0.05381266
0.018133929,-0.027830034,0.015619255,-0.008072047,0.049060747,0.053901877,0.03686857,0.036295585,0.0035916977,-0.00038169645,0.056783598,0.03529417,-0.03815064,0.042574253
-0.06894597,-0.080328554,-0.003231744,-0.047238585,-0.049358178,-0.02966733,-0.014112765,-0.051934134,-0.0835249,-0.030613896,-0.035254836,-0.007972909,-0.072942264,-0.073773384
0.06773901,0.0009700241,0.008132052,-0.019553484,0.06633803,0.047592506,-0.0042538554,0.07032761,0.029742965,0.04796631,0.060436122,0.057553265,0.018667107,0.0685578
0.043042403,-0.056109536,-0.043739602,-0.03681743,0.033698644,0.07725814,0.04593118,-0.049368326,-0.015464862,0.038723648,0.06141736,0.014281195,0.060947135,0.055662464
-0.059096176,0.0018302924,0.031960543,0.029560562,0.03735153,0.029609343,0.035201054,-0.013681642,0.036399294,0.048954427,0.057618096,0.05939202,0.045254763,0.060215443
-0.053387932,-0.058121145,0.0046137185,0.00344366,-0.0009692516,-0.05506497,-0.048420794,-0.019661218,-0.008284985,-0.040097054,-0.011350915,-0.03255136,0.022304209,0.07126433
0.023193905,0.043313485,0.01351692,0.02717832,0.030401157,0.044169273,0.014636423,0.061701953,0.06781781,0.017747004,0.012808711,-0.038289506,-0.013469758,0.042635776
0.037950538,0.0020164058,-0.054527234,-0.04237151,-0.0038631323,-0.011639108,0.008364486,0.020357994,-0.051676467,-0.025038468,-0.029408429,-0.043457057,-0.056018144,0.04895519
-0.028903311,-0.059776474,0.06740143,-0.018914528,0.016579447,-0.008652493,-0.021706654,-0.023857858,-0.01728449,-0.0068927095,-0.06516834,0.024582354,-0.0043849424,0.027966237
0.05393546,-0.0003954747,-0.06258172,0.05377197,-0.002883777,0.018335212,-0.039195098,0.042387255,0.04775128,0.0047775838,-0.039058458,-0.03918829,0.008367171,0.050853856
0.019842835,0.050291788,0.062154196,0.068108015,-0.040841695,0.00333006,0.050133534,0.043252043,0.07068653,0.008101446,0.00640928,0.048189316,0.05211291,-0.038697764
-0.032885548,-0.030009344,-0.036750298,-0.061330087,-0.017706491,-0.010606868,-0.023278104,-0.059270017,-0.029182078,-0.0074404282,-0.0205241,0.010473029,-0.024059981,-0.0474379
0.05016782,0.047082342,0.07317319,-0.004141609,-0.018464837,0.05674811,0.005234158,-0.008481354,0.050213277,-0.018909639,0.011025833,0.07274654,0.040545646,0.046932746
-0.032753933,0.043243486,-0.03369078,-0.009759766,0.026139202,0.038492866,0.041783966,-0.033384737,-0.06447874,-0.0034010347,-0.005815074,0.0039055217,0.01853137,0.03399515
-0.032608,0.044526167,-0.045949362,-0.0017236549,0.039216593,0.017724438,-0.032004856,0.05374617,0.0063070673,0.029108416,-0.011001791,0.0031421536,0.015367838,0.04829636
-0.049508452,0.0034371158,-0.01763498,-0.03537097,-0.036990277,0.014639415,-0.025884643,-0.05215517,-0.024527323,-0.002310219,-0.03587078,-0.03893086,-0.042379286,-0.016257955
0.0018472645,0.056228448,0.024130536,0.045906432,-0.024605623,0.055289067,0.036792338,0.017474025,-0.0033731507,0.023139311,-0.058028392,-0.010233483,0.030901326,-0.009448338
-0.033272076,-0.072714746,-0.00898328,0.07524606,0.00074301567,-0.03620727,0.058249168,-0.07502112,-0.05230347,0.021755772,-0.051615827,-0.064413235,-0.039905176,0.055632494
0.02325204,0.02612158,-0.014830929,-0.037255786,0.052449007,0.027803184,-0.022907699,0.044836722,0.018550333,-0.027628321,0.011271784,0.009774606,0.032452296,0.012579321
-0.035666373,-0.046431847,-0.0014270379,0.014502566,-0.007897952,0.04942523,0.021094661,-0.06647412,-0.04891157,-0.052392114,-0.01875366,0.07101832,0.02268667,-0.0066211456
0.07656416,0.06367613,0.07828172,0.054529782,0.06838548,0.06132171,0.07992309,0.07513482,0.085993014,0.079330266,0.047035515,0.07835056,0.07726194,0.078852974
0.019424219,0.0056037935,-0.0702321,0.014188176,-0.023222076,0.044792317,0.031862393,0.056832273,-0.05206142,0.0009487903,0.002350052,0.053776577,-0.030276505,0.0051082005
-0.018592505,0.06357483,0.0034739678,-0.046270788,0.020222433,0.048073884,-0.03824509,-0.018230911,-0.011404618,-0.008885326,-0.053271346,-0.046542726,-0.03329946,-0.0104552535
0.015969303,-0.05711244,-0.01958756,-0.038048334,0.0273135,0.04425598,-0.030363083,0.023126392,0.014311137,-0.03194084,-0.030707201,-0.050426878,-0.060073726,-0.022730647
-0.07635566,0.034896255,0.014984556,-0.056929145,-0.06665737,-0.0019239607,-0.011665429,0.013918805,-0.025401272,0.03071084,-0.05302488,0.009462119,0.0047129933,-0.024264628
0.08251481,0.07878417,0.04158296,-0.05278739,0.07520057,0.063478254,0.08400194,0.07300608,0.06235749,0.07371603,0.074463606,0.06410287,0.063424475,0.031708594
0.02830384,0.028151102,-0.053419493,-0.042848237,-0.02403339,-0.047401223,0.019756243,-0.031711183,-0.049589366,0.017139927,0.0059658284,0.027367752,-0.03284775,-0.003940065
-0.045800183,-0.05287241,-0.048225608,0.0011489775,-0.0392932,-0.0511949,-0.048610132,-0.008363631,-0.04485784,-0.068898186,-0.048267942,-0.05209069,-0.06177466,-0.05014151
-0.0355517,-0.060227565,-0.039833147,0.0029453656,0.00075076,-0.044697374,-0.05220848,-0.037053145,-0.021895086,-0.037029386,-0.0067574694,-0.0109836925,-0.021652054,0.02617284
-0.050165813,-0.048607778,-0.057783928,0.0105868345,-0.061181076,-0.04937033,-0.06453591,-0.046200737,-0.06840891,-0.06853726,-0.029479345,-0.042874802,-0.06641868,-0.058271687
-0.018122109,-0.010734835,0.024213271,0.028091982,0.0296034,0.039111108,0.0057144505,0.021614432,-0.0016920372,0.05318848,0.010428496,0.0052403486,0.0047778864,-0.03758414
0.042341296,0.011224537,-0.04138336,0.048032347,-0.011076376,0.06144886,-0.0008769786,-0.0075982395,-0.008078531,0.02063014,0.016436499,0.028146978,-0.06595973,0.040128212
-0.012473282,-0.06183146,-0.045109194,-0.046742056,-0.04387287,-0.06203237,-0.060572695,-0.0659066,-0.023024917,-0.071096405,-0.057403486,-0.051459275,-0.046499856,-0.018201847
-0.02246019,0.034025837,0.027839532,0.03665535,0.0037343272,-0.014024928,-0.0029340584,0.009100592,-0.04404265,-0.023919154,0.019921366,0.041814983,-0.020543627,0.008446981
0.06682154,0.0812637,0.078827575,0.083891384,0.076108456,0.08969876,0.08464477,0.07703176,0.08938594,0.08030343,0.0772459,0.08107859,0.07779828,0.079498634
0.06631,0.01836652,0.05697098,-0.052151702,0.05189786,-0.036521625,0.06824382,0.0181503,0.042981904,0.060914524,0.053184405,0.067421965,0.06805537,0.028049704
-0.032884173,-0.05791492,-0.028766498,0.003090865,0.043892454,0.010106097,0.016246805,-0.04529799,-0.035074152,-0.031148214,0.034196697,-0.02122452,-0.059681922,0.040047757
0.040769488,-0.012882621,-0.04585476,0.05666819,0.0040006563,-0.060213104,0.05789108,-0.01435968,-0.043899465,0.047575157,0.019957699,0.015678726,-0.005022835,0.05523623
0.042605888,0.05073319,0.048354927,-0.045829352,0.02459275,-0.013287237,-0.04290229,-0.039453458,0.06471032,-0.062710665,-0.018527143,-0.007716685,-0.012979829,0.024647323
-0.06587108,-0.07208632,-0.06940409,-0.038424227,-0.065947875,-0.05856034,-0.07614847,-0.04474267,-0.06377234,-0.07303927,-0.04935936,-0.052953467,-0.051913343,0.0035994658
0.004551531,-0.04313192,-0.053532552,-0.04795719,-0.00058021257,-0.044003624,-0.017795421,-0.04504425,-0.018373245,0.002552951,-0.026183639,-0.056534167,-0.013898399,-0.017076073
0.013771177,0.0013297306,0.05817263,0.048433438,-0.008845472,-0.012175114,-0.012781894,0.032648887,0.046348147,0.019407127,-0.011932219,0.023816431,0.017768638,0.05572692
0.031997308,-0.049120437,-0.050093506,-0.028785072,0.037242975,0.01309539,0.05200442,-0.04091109,-0.06557539,0.02623741,0.0024786955,0.019336127,0.042134613,0.059109718
0.06007442,0.041753154,-0.021016262,0.0012278527,0.04404043,0.038703945,0.02286728,0.010086295,0.049115263,0.027259067,0.02639468,0.006296763,0.0020003712,0.053373855
-0.027235463,-0.06915753,-0.017662635,-0.004345898,0.010925258,-0.019000841,0.00485291,-0.054463048,-0.03639009,-0.069045134,0.056750055,-0.0076891156,-0.053707216,-0.004445119
-0.031167747,0.020175394,0.06072157,0.061722215,-0.036271024,0.019886203,-0.02883449,-0.021435902,-0.010494205,-0.019196292,-0.04522896,-0.06478326,0.043845624,-0.02758648
0.014926006,0.0048308875,-0.03318596,-0.049061112,-0.008733866,-0.03656799,-0.0046337256,-0.005981178,-0.0060359896,-0.039989453,0.045652244,-0.006044305,0.028740201,0.02119751
-0.06041789,-0.052309193,-0.0068386854,0.038026724,0.031163009,0.036236845,-0.016420342,-0.011244794,-0.0052605085,0.025127085,-0.02718802,0.009455176,-0.03981513,-0.004154669
-0.053000227,-0.055916913,-0.07434094,-0.013449539,0.018216448,-0.063389674,-0.06569646,-0.062173694,-0.061737563,-0.014889104,-0.059881758,-0.03902683,-0.07308029,-0.01675727
0.0036802995,-0.009346746,-0.02650935,-0.031145032,-0.008656743,-0.015701365,-0.019819127,0.005422946,0.03265285,0.009322152,-0.00097129855,0.0313962,0.020624507,-0.005098812
-0.04618555,0.0030933286,-0.008898886,-0.012883077,0.020790135,0.0010317991,-0.045679256,-0.014832475,-0.0075446423,-0.06014261,-0.032637067,-0.029427541,-0.054776262,0.0017091524
0.06879199,0.077652045,0.04015573,0.050421394,0.048898105,0.07304699,0.013625133,0.06459424,0.033059448,0.016155466,0.04961229,0.06770543,0.06271399,0.04537176
-0.03556299,-0.021663431,-0.026000965,0.013429643,-0.031964336,-0.018463986,0.018047862,0.024326345,-0.035474796,0.026771177,0.006895011,-0.00079637056,0.013077211,-0.009199846
-0.07525642,0.03651148,-0.026514668,-0.049474914,-0.044280916,-0.05433877,-0.062231828,0.0100783575,0.00590326,-0.07478167,-0.029654311,-0.023080327,-0.06023246,-0.006934055
-0.022912541,-0.058399964,-0.020061659,0.0044653285,0.032081287,0.026656223,0.05135046,-0.0027558038,-0.07413145,0.006665622,-0.034929648,-0.028945213,0.03274824,-0.0082952725
-0.009111582,-0.004108544,-0.038187712,-0.01609981,-0.054004412,-0.055524375,-0.061621934,-0.0536137,-0.027987765,-0.044911038,-0.022064935,-0.0728065,-0.06223026,-0.023505006
0.015715534,-0.042934183,0.02557602,-0.00083637016,-0.020447653,0.009729328,0.023718435,0.027103908,0.00732415,0.028895741,0.0141846305,0.0054951855,0.0009146744,-0.07052786
-0.008122445,-0.025792226,0.07174344,-0.019171182,0.044722535,-0.07907809,0.015838541,0.047212765,0.05152788,0.036857817,0.028049124,-0.0064684087,-0.0012608708,-0.019639177
-0.048776105,0.021440653,-0.048584267,0.06460166,-0.04429858,0.024801234,-0.048551586,-0.040953882,0.03499346,-0.04771184,-0.0590762,-0.04051835,-0.059776112,-0.036241822
0.03728256,0.045366947,-0.0043902006,-0.02687909,-0.023742178,0.050763734,0.0023691384,0.05533745,0.03469622,0.03666148,0.005793801,0.037200548,0.0629697,0.02271166
-0.046456542,0.024823705,-0.06404714,-0.027713573,-0.04602675,-0.022533437,-0.012818721,0.057418603,0.043071736,0.016838202,-0.072658494,-0.022072595,-0.06081743,-0.03664547
0.058047384,0.0569295,0.030799795,-0.0699825,0.0703318,0.045944907,0.0168494,0.06668299,0.021070806,0.04350742,0.068716876,0.06286972,0.047740575,0.064569324
-0.002651224,-0.016812254,-0.04514441,0.00012387699,-0.054998484,-0.010237275,-0.030672222,-0.017735356,-0.015714709,0.0020071655,-0.032446086,-0.041933957,-0.028124722,0.034958668
0.0805817,0.048855793,0.023160528,0.011632542,0.05172353,0.043376565,0.054984923,0.03559411,0.042266253,0.064702764,0.049757984,0.047623035,0.023815291,0.04703924
0.015082941,-0.03622679,0.00064553256,-0.0317148,-0.038833857,-0.013726687,-0.011505194,-0.040579222,-0.05740837,-0.057398252,-0.053803653,-0.06170289,-0.027432613,0.026023861
0.0005509445,0.055005185,0.04944,-0.06108103,-0.0011942323,0.053409543,0.064816505,0.052271616,0.07478762,0.019768564,-0.05920457,-0.030641371,-0.022690376,0.04204632
-0.05578393,-0.02884449,-0.03344425,-0.030225078,0.018790096,0.030316291,0.03074726,0.010171749,0.04850995,-0.0006931316,-0.014757833,0.034560617,0.03616335,-0.07318019
0.0013172481,-0.0029750664,0.028541626,0.07180799,0.041735195,-0.062233582,0.07104374,0.06996509,0.0255535,0.06261597,0.021039305,0.054262534,0.024256788,-0.015678305
0.049923986,0.034016177,0.045326505,0.04441012,0.035145354,-0.010804506,0.049351223,0.030852593,0.054016817,0.06287808,0.0434747,0.016214252,0.053147115,0.016525522
-0.03701122,-0.033575527,0.033400964,-0.018673478,-0.032696396,0.056934062,-0.02560879,0.04614148,-0.045367755,-0.0067012636,-0.0006999157,-0.023581792,-0.06832798,0.024839543
0.038679227,0.008179954,-0.014798628,-0.006204341,0.037861455,0.017708646,0.043122664,-0.016625503,0.005014169,0.046992563,-0.0076971827,0.059063885,0.07042406,0.061703034
0.061781943,0.006350994,-0.0070897443,0.017710172,0.046593197,0.075148165,0.005746878,0.023979405,0.024497071,0.029000517,0.028127037,0.0694705,0.05065378,0.06234533
-0.079386294,-0.07364372,0.010882843,-0.01985914,-0.0547964,-0.0357038,-0.048910893,-0.04055096,0.039883655,-0.055753194,-0.034415863,-0.024499824,-0.015502067,-0.077823855
0.013012009,0.008551946,-0.046431363,-0.047519565,-0.06793732,-0.004876759,-0.0075549544,-0.0039669224,-0.013747184,0.020754427,-0.06672365,-0.07107842,-0.06306666,0.018614678
-0.06465874,-0.07194309,-0.06312657,0.03634667,-0.027451182,-0.08415266,-0.038182463,-0.07600039,-0.06382907,-0.02745453,-0.042605244,-0.049683746,0.024950165,-0.012848348
0.06920511,0.060289245,-0.042214584,0.036301203,0.07767651,0.041716445,0.031664092,0.072198816,0.062344216,0.07639718,0.075226136,0.07666731,0.016563127,-0.004362443
-0.019634852,-0.05943606,-0.028866975,-0.026184494,-0.039900616,0.021320386,-0.02107059,-0.038098726,-0.082953036,0.015380732,-0.048229877,-0.015315643,-0.06569454,-0.057683367
0.0061079916,-0.014163232,-0.053418476,-0.03739838,-0.046189595,-0.03069122,-0.02540527,0.06364161,0.044613123,0.024330957,0.010016357,-0.044635322,-0.0018975514,0.045007166
0.077901416,0.0067077987,0.027080618,-0.044717316,0.06992109,0.035428897,0.07944471,0.062949695,0.049558833,0.07406224,-0.008807583,0.0039829346,0.074164756,0.017522965
0.081348896,0.075877935,0.0627894,0.0762108,0.07343056,0.05686584,0.08361401,0.070012,0.0562987,0.07829646,0.07710323,0.0631243,0.06834276,0.0733381
0.014481861,0.06407339,0.062770694,-0.015054568,0.06320317,0.06473719,0.0526079,0.03141819,0.042436402,0.000989351,0.055196352,0.06451893,0.03500819,-0.014560742
0.0601852,0.00027660627,0.040419757,-0.051304027,0.0025067527,-0.010847912,0.02630244,0.011803828,-0.0071152025,-0.021173988,-0.024821071,-0.051954236,-0.047113597,-0.061013304
-0.03234451,-0.030847814,-0.017897213,0.019156596,0.020204833,0.049793117,0.046374474,-0.020624913,0.008767571,0.006638827,0.03445955,-0.011646466,-0.0030476537,0.00418125
-0.05391693,-0.015195501,0.02567081,0.020238973,-0.01029139,0.04885125,0.034315646,-0.04830957,0.000530548,0.054575857,0.010273252,-0.0008480758,0.035800103,-0.053117007
0.022295708,-0.00014582534,0.027468985,-0.057582665,0.0054139607,-0.013136566,0.02237667,0.030983206,0.04207165,-0.010955237,0.015673852,-0.010080876,0.0027110626,0.035004735
0.022972304,0.037399285,0.062199946,-0.055034757,-0.004697422,-0.017889803,0.040727142,0.056116007,-0.023490764,0.034198377,0.03344347,0.056098286,0.008888097,-0.016256772
-0.082687646,-0.07903411,-0.06713529,-0.048365712,-0.077183254,-0.029601952,-0.08506441,-0.0763542,-0.050772265,-0.079848036,-0.077626646,-0.066763684,-0.07508677,-0.07942277
0.05267548,0.013861549,0.05665342,0.058236353,0.021564709,0.036422316,0.062062647,0.007655686,0.04397575,0.07268248,0.041828934,-0.010611222,0.008378593,0.0570198
-0.0017906077,0.057686653,0.06808958,-0.0054650493,-0.027152797,0.041702524,-0.041828007,0.070140496,0.05708422,-0.05689643,0.010801499,0.041112013,-0.027341003,0.059855323
-0.06996842,-0.06664677,-0.046968188,-0.061267346,-0.075564995,-0.084006116,-0.03537804,-0.07037079,-0.08395287,-0.07932556,-0.06939517,-0.05597617,-0.076400205,-0.07701858
-0.061098095,0.0067061805,0.031086931,-0.007469399,-0.043179013,-0.0030320613,-0.014155589,-0.007594868,-0.0023818351,-0.022609215,-0.016948303,0.0405643,0.027853802,-0.03511334
-0.042423118,0.019517101,0.052431744,0.07975573,-0.046999004,0.00639293,-0.031872287,-0.054714892,-0.034912273,-0.017515931,-0.057098817,-0.041086566,-0.055271268,-0.044593632
-0.06205753,-0.042753473,-0.057418533,-0.06405322,-0.03696485,-0.059728283,-0.0569203,-0.058833446,-0.052077983,-0.06850825,-0.058384884,-0.051873203,-0.03926156,-0.05419645
0.077588655,0.07408756,0.07846793,0.061739266,0.07702813,0.032011013,0.08444118,0.07342136,0.07556239,0.07653311,0.07573212,0.07703753,0.07646669,0.074705444
-0.06477597,-0.07410834,0.015106054,0.065694414,-0.07473679,0.015438392,-0.025087913,-0.07455887,-0.05900831,-0.004373638,-0.06324057,-0.073894896,-0.057793476,-0.0005614712
0.0016427425,0.03425626,0.004643512,-0.009259978,0.022407008,0.04177874,0.042064603,0.04452161,0.034559976,0.03279749,-0.024480788,0.032767,0.015886009,-0.047762565
-0.0032220911,-0.0063701663,-0.03524709,0.019514171,0.01735436,0.049634974,0.040450253,0.020332044,-0.016120713,0.061159078,0.027313033,0.011337917,0.054905456,-0.030543135
-0.0205821,0.025170522,0.0073008584,0.028994735,-0.048596695,0.0653576,0.017789844,-0.027684923,-0.026698595,-0.0105653955,-0.058506686,0.030205086,0.006587775,-0.060075272
-0.061182585,-0.06751035,0.01568127,-0.07516918,-0.05343243,-0.03873858,0.03156234,-0.003261798,-0.032048106,-0.06560089,-0.037447117,-0.07053167,0.0137484195,-0.06925109
0.028993517,-0.0064606727,-0.072266676,-0.02750707,-0.008892611,-0.0056040287,-0.0020805297,-0.012515036,-0.020694403,0.021036036,0.054859478,0.020286443,0.0558668,-0.035038974
-0.036697704,-0.07331484,-0.047899406,-0.03009231,-0.05238062,-0.04384029,-0.078046754,-0.016301138,-0.065089576,0.016958797,-0.007487647,-0.06701105,-0.04441211,-0.0043950803
-0.018406415,-0.026226474,-0.027813192,0.028595168,-0.027293287,-0.02297166,-0.050729215,-0.061703406,-0.012983946,-0.035034727,-0.06642694,-0.0071302177,-0.031365294,0.009624378
0.03581212,0.04423793,-0.041594487,-0.06690753,0.039691735,-0.05431376,-0.020872058,0.07033734,0.035595205,0.06333984,0.06737839,0.07337984,0.07382121,0.065608405
0.022357695,-0.032791175,-0.032754183,-0.054782685,0.0056847217,-0.05286729,-0.027757322,0.010919329,-0.018517844,-0.054667808,-0.034877274,-0.050147355,-0.015186876,-0.020145208
0.041835573,0.05366198,0.0112679545,-0.06256755,0.054743372,0.015114609,0.041956205,0.072475374,0.041646443,0.033505987,0.019269042,-0.021133298,-0.0044261576,0.05542495
0.07499514,0.03134146,0.060020674,0.020512674,0.0564909,0.066815645,0.051150925,0.061541367,0.050851107,0.047574077,0.06496772,0.040050536,0.061612573,0.01853614
0.05743875,0.06829531,0.070604905,-0.028687997,0.05831577,0.036043156,0.047915887,0.06944895,0.0410462,0.06960994,0.03349526,0.0748098,0.044499908,-0.034452856
0.031160131,0.03174863,-0.01753832,0.036599662,0.05639794,0.07423282,0.016722519,0.034914114,0.045816317,0.05337482,0.051040933,0.051521987,0.06568298,0.0014859736
-0.04794641,-0.057752628,0.036218394,-0.003951904,-0.06396813,-0.038849417,0.004447491,-0.011334221,-0.03993465,-0.045739606,-0.024238935,-0.020301126,-0.016759437,-0.06649142
0.05199407,0.022832127,-0.014256404,0.05467032,-0.010174747,0.034439776,-0.02385853,0.007783008,0.06357375,0.012679425,0.025865695,0.02261232,0.0008780195,-0.027440032
-0.037255023,0.01997711,-0.012560672,-0.07069226,-0.0464203,0.053890456,-0.03212803,0.049060713,0.0034476575,-0.07765896,-0.023701804,-0.054734867,-0.0053701643,0.004390374
0.024463035,0.01667162,0.074147195,0.054917954,0.07097555,0.06897338,0.056711476,0.054080527,0.013230222,0.048235625,0.043436185,0.07410564,0.065726645,-0.025470257
-0.050892394,-0.010553615,0.009838882,0.019897398,-0.062160753,-0.039877295,-0.046847325,0.0010379287,-0.0034706795,-0.07483696,-0.06200668,-0.01914101,-0.06663807,-0.0014864275
-0.012222436,0.0020804186,-0.032680456,-0.0033676012,0.030714465,0.047008045,0.016682843,0.041301385,0.047243636,0.06415946,0.049314804,-0.0022192574,0.057742286,-0.016694104
-0.0015046145,-0.06662383,-0.04258734,-0.08135279,0.06610517,-0.047894254,0.0037245427,-0.023902316,-0.07277271,0.06847749,0.063668825,0.008681202,-0.056413095,0.0022864304
0.0048557534,-0.02647512,-0.05775071,-0.06367336,0.010226898,-0.0030824114,0.01173826,0.003947256,-0.07340473,-0.03865612,-0.030682052,-0.03327184,-0.04575005,0.03141143
0.045823116,-0.054164056,-0.04937931,-0.044925973,-0.05905205,-0.033086192,0.016990658,-0.07482545,-0.05974952,0.07287861,-0.028746808,-0.015428686,0.074791804,-0.058564246
0.03412239,-0.03487791,0.034869667,0.054886635,0.035864696,0.00097032456,0.03204406,-0.029207721,0.027323179,0.014621092,0.0069858655,-0.031209303,0.017333161,0.04445966
-0.048298907,0.06280185,0.07099549,0.040394902,0.0440088,0.047634725,-0.0022600526,0.03648233,0.06972932,0.00783857,0.06311259,0.054628324,0.06872138,0.028412197
0.011108322,0.011272451,-0.058261607,-0.019665726,-0.02147528,-0.0463274,-0.06065106,-0.04267268,-0.0629185,-0.019107899,-0.055893376,-0.04759271,-0.053985618,-0.0489642
0.02646515,0.033884402,0.020518707,-0.06053133,0.01830316,0.006386856,0.038211867,0.014155979,-0.016462997,-0.039092787,-0.013931516,0.012269588,-0.018392397,0.06661545
0.0782166,0.05613343,-0.03875808,-0.050208215,-0.0010198852,0.046906054,0.0715386,0.0053831185,-0.033580128,0.019661274,-0.014473606,-0.06792841,-0.045673,0.06577358
-0.020138772,0.032600395,0.032484096,0.014632371,-0.026597956,-0.029584974,0.013723243,-0.058349203,-0.028039303,0.011133445,-0.054909773,0.024991771,0.019463472,0.010780465
-0.03954473,0.015345211,0.052297056,0.04379595,-0.018017972,0.06375467,0.0020959668,-0.016284585,0.0129747,0.02470169,-0.022181595,0.050945763,-0.008419329,0.056590546
0.082474336,0.07985364,0.03308102,-0.002009723,0.055014353,0.061814625,0.0844162,0.07634726,0.06735801,0.072358504,0.056658443,0.01809366,0.07491969,0.03475858
0.017190158,0.011223809,-0.014562204,0.012253095,-0.012684146,0.0064217085,0.046774235,0.0073210085,-0.0027648546,0.015400768,0.009722592,0.033773042,-0.002284425,-0.018454425
-0.05220445,-0.021192962,-0.068925686,0.014975915,0.022869514,-0.0226143,-0.010107444,-0.06372794,-0.04990016,0.014103673,-0.028364994,-0.04876955,-0.007933312,-0.04477605
0.004041542,-0.02486549,-0.017023461,0.07160146,0.01164769,-0.023277612,-0.022666484,0.06665741,0.015506091,-0.052817456,0.06901628,0.037196558,0.011949801,-0.06782472
0.033490412,0.038471896,0.04701008,-0.011632292,-0.07107067,0.07232354,0.0018564881,-0.004779615,0.015923748,0.05090314,-0.03444408,-0.03739244,0.025239088,0.067357786
-0.026564902,-0.0061543905,0.046034243,-0.009260426,0.049148493,0.014560136,-0.011335452,0.01727397,-0.010124915,0.0037559918,0.036602695,0.01934829,-0.0042671785,0.047896303
-0.025548095,0.0043390114,0.028386151,-0.07242978,0.054229334,-0.080259904,0.06617712,0.06926885,0.0084756715,0.061889358,0.038360164,0.043183163,0.067022316,0.035740897
-0.055944473,-0.015616538,0.026522864,0.005470167,-0.023105798,0.053173248,-0.06770344,-0.068947904,-0.076132774,-0.01592436,-0.076470986,-0.0021643688,-0.02700037,-0.013371328
0.049090512,0.042722244,-0.06091982,-0.015578066,0.04107035,-0.05043489,-0.011582301,0.04865417,0.05738878,0.036043078,0.059474804,0.053996764,0.045838732,-0.025695195
0.051123954,0.066485494,-0.031591546,-0.016233323,-0.008374809,-0.037120655,-0.010918873,0.05906952,0.01787772,0.0077316267,0.06745658,0.07685031,0.054651327,0.031356055
-0.04213159,0.028497763,0.07018312,0.050415672,0.03393784,0.063446626,0.0073398077,0.009034447,0.039033223,0.041945603,0.062709145,0.062299225,0.06699776,0.018925976
-0.058137044,-0.073122635,-0.06484029,-0.032352436,-0.07704357,-0.071516655,-0.0009316521,-0.07442418,-0.0833618,-0.03049378,-0.07768137,-0.07571164,-0.07158669,-0.024301104
-0.051232107,0.079519905,-0.05992063,-0.050028905,0.052021705,0.040298622,-0.03285641,0.04132259,0.069874905,-0.074027285,0.065133646,0.058780756,0.041517876,-0.006541163
0.07849036,-0.0034380078,0.060714036,0.0013600951,0.07714652,0.07428698,0.07923088,0.05116481,0.07680212,0.0716427,0.07415723,0.07232194,0.07742464,0.0551432
-0.052817807,0.022150034,0.025753858,-0.027319435,0.06263568,-0.014388954,-0.015222315,0.049415182,0.064922325,-0.030399833,-0.027851155,-0.05478035,-0.04342208,0.07806456
0.0089563895,0.0052054413,0.029920693,0.005429419,-0.04148055,0.01985816,0.06328616,0.037232295,-0.018979128,0.053638414,0.05746159,0.054701153,0.023071993,0.021247337
-0.0187676,0.04314118,-0.067305356,0.03534718,-0.037975784,-0.017908081,-0.027730986,0.017236106,-0.048627093,-0.006820974,-0.022214934,0.06160079,-0.031778645,0.01574699
-0.005181451,0.05025669,-0.037456635,-0.024976036,0.020347357,-0.02755994,-0.056267463,-0.0072699473,-0.06400579,-0.04162977,0.014214344,0.019742368,-0.06941851,-0.041043952
0.017282754,0.049533684,0.0592722,0.0022975255,0.043648284,-0.002484393,-0.05208191,0.060768645,-0.0031326814,-0.0091443015,0.017045384,-0.03458154,-0.009845797,0.048927173
0.01749327,-0.020447124,-0.03447814,-0.03109845,-0.027483799,0.05160283,0.050296832,0.0076941648,-0.032164287,0.03795573,0.019398749,-0.041653413,-0.063613385,-0.023322245
0.0013473117,0.045733448,0.016229328,0.006896035,0.02688029,0.037030004,-0.030589331,0.023537103,0.006992829,0.027956568,0.029320154,0.039931968,-0.02157013,0.0010213888
0.0074936845,0.030083539,0.009137733,0.032230716,0.0014812329,-0.0010810884,0.011574856,-0.0041199382,0.0015860251,-0.020873323,0.006367332,0.030700041,-0.0052870014,-0.054768816
0.053632837,0.012559864,0.03674155,0.072546825,0.0041949186,-0.037944324,0.0717011,-0.010226936,0.058218006,0.07759685,0.032340504,-0.012193592,0.07505386,0.068402395
0.05550137,0.05951284,-0.036095586,-0.027202494,0.07267991,0.052691758,0.04164658,0.041354157,0.03359782,0.05887536,0.056063864,0.003772789,0.0317582,0.03573378
-0.017958198,0.045114838,-0.059714295,0.01798717,0.06280169,0.08073637,-0.022980088,0.04175248,0.06131233,-0.05248866,0.039918493,0.03994143,0.04185289,0.056247782
0.0073756822,0.008940158,-0.07469747,0.031468827,-0.015784338,0.019286739,0.044297628,-0.00052959606,0.03691227,0.007071084,0.061428588,0.027233558,0.017300673,0.020756038
0.021604164,-0.010754551,0.053739123,0.021994509,-0.06242614,-0.012681789,-0.025074951,0.05169633,-0.0012268432,-0.030051518,-0.05413141,0.0073035248,-0.057037693,-0.036019478
0.06607267,0.045076452,0.032372862,0.042690936,-0.021590916,0.024779063,0.05992862,0.008969676,0.03343541,0.035068274,-0.02263385,0.05242526,0.07027896,-0.077577986
0.051504675,-0.05437361,-0.025514662,-0.0050648837,0.07235346,0.053428967,0.029513845,0.056495305,-0.07338808,0.06769473,0.06594726,-0.043965794,-0.013069688,0.060879175
0.043771867,-0.050349794,0.041497987,-0.06400539,-0.0027222661,0.026952779,0.03506355,0.016394597,0.015218191,-0.0040000346,0.07268249,-0.03598608,0.021679947,0.061229054
-0.06579157,0.0046729604,0.021606017,-0.031444177,-0.06780481,0.04517765,-0.023574393,0.027086392,0.0175185,-0.024617456,-0.06805322,-0.008602483,0.009506425,-0.006180957
-0.031573832,0.015017912,0.038419984,-0.035790537,-0.017556759,0.022331538,-0.013044801,0.012233638,-0.060913157,0.007180751,-0.038742516,0.018643685,-0.048088152,-0.000345885
-0.07489489,-0.038895413,0.021868719,0.068209484,-0.07597058,-0.032113943,-0.076057486,-0.031918444,-0.004171682,-0.060058616,-0.07140248,-0.07286887,-0.07136676,-0.061166964
-0.07724697,-0.07324913,-0.0765011,-0.07666229,-0.073630184,-0.07620423,-0.08129436,-0.07296293,-0.08103929,-0.077403925,-0.07449804,-0.07705296,-0.07440796,-0.076908186
0.019359166,0.011752525,0.07542309,0.0032624695,0.059676394,0.035997715,0.011415384,0.07627805,0.018837338,0.034721743,0.042046834,-0.016631825,-0.07077613,-0.042028964
0.021115372,-0.0062964214,-0.039162453,0.03625836,0.042766176,0.004963251,-0.003653177,-0.05221518,-0.03531067,0.030181972,-0.0062909517,0.04420516,-0.04800387,-0.06890332
-0.06343138,-0.02900208,-0.035807356,0.018045885,-0.03298357,-0.019182768,-0.037839293,-0.064000614,-0.07113004,-0.047437873,-0.046147518,-0.010285145,-0.060276594,-0.02470122
-0.044035725,0.035538286,-0.00801418,0.03356638,-0.05493532,-0.009718169,-0.004908882,-0.045320317,-0.044215128,-0.017925454,-0.023914136,-0.023000726,-0.041250717,-0.060697414
-0.056457,-0.04570446,-0.06544776,-0.062080085,-0.06829789,-0.067414194,0.013427984,-0.050428588,-0.05611314,-0.04336351,-0.031092295,-0.06126743,-0.01171321,-0.06358797
0.036524314,0.07404808,0.07161155,0.081389174,0.0543547,0.076008014,0.07945138,0.07382227,0.082663424,0.07632292,0.0684754,0.071778536,0.061673265,0.024761923
0.058642678,0.052489005,0.05582634,-0.012109414,0.03648142,-0.00429876,0.026111584,0.02523339,-0.021183899,0.026666012,0.0041454374,0.0043396503,0.028462917,-0.0007647548
0.027575225,0.018091453,-0.021048678,-0.010558752,0.038754635,-0.027376762,-0.003002271,-0.019547451,0.0018837509,-0.022795988,0.030024284,-0.03310301,0.023758298,0.031627264
-0.03497904,0.0057532694,-0.020676296,0.037295673,0.017642226,0.023122823,-0.04040862,0.025733786,-0.03465104,0.010776667,0.04697012,0.008331487,-0.019532127,-0.03790822
0.06324453,0.0719289,0.069213375,0.07360941,0.07147295,0.010138838,0.052286685,0.053076465,0.06074623,0.06538075,0.06587667,0.06782895,0.06785645,0.06723799
-0.01881321,0.05013901,-0.02108622,0.049079295,0.039416727,0.03239486,-0.01148886,0.051992852,0.062052395,-0.012243261,0.043163173,0.055147767,0.022033356,-0.0010465638
0.048520233,0.048393287,0.0571336,0.072201476,0.06854229,0.07768249,0.03105952,0.048370104,0.048817642,0.05274833,0.06530839,0.053566877,0.03550913,-0.023710717
0.0011423905,0.060171675,-0.021859324,0.032281723,-0.014456439,0.0016148994,-0.055808138,-0.059426114,0.031724654,0.067953765,0.031960145,0.061576612,0.07427782,0.06610873
-0.03329765,-0.04727277,-0.07301236,-0.0022736576,-0.07375603,-0.033409614,-0.07070141,-0.070539996,-0.08509188,-0.05294382,-0.07491375,-0.053405624,-0.047401313,-0.05813591
-0.032930806,0.041093934,-0.0002509505,0.0109925615,-0.06350951,-0.060038734,-0.018118056,-0.05029724,0.057267465,-0.026794432,-0.03720099,0.020511849,-0.004133384,0.0009637276
-0.037316576,0.039223336,-0.04191703,-0.0040310924,-0.057557028,0.04366933,-0.056222934,-0.06303264,0.017753199,-0.04426458,-0.047988933,-0.025805987,0.03725732,-0.0496297
-0.031649593,-0.03887798,0.007512362,-0.03709434,-0.045533597,-0.06355457,-0.001872225,0.023318365,-0.039499912,0.027967028,-0.025244262,-0.025560413,-0.030370902,0.040436532
-0.06721967,-0.074608594,-0.06538221,-0.011305561,-0.06595589,-0.049004883,-0.07488385,-0.07092262,-0.07938692,-0.068912186,-0.036442995,-0.033671424,-0.06568106,-0.015795648
-0.022195937,-0.034989215,-0.030966986,-0.039730985,-0.02522271,-0.015805306,-0.018915625,-0.025824811,-0.052004345,-0.018284915,-0.044947095,-0.012332056,-0.030130932,-0.020913206
0.069284454,-0.011310034,-0.0008370896,0.01988491,0.011852289,0.013387168,0.015859421,-0.022485273,0.012419641,-0.008592439,0.012269784,-0.0268974,0.041660253,0.05730807
-0.0016143991,0.006269283,0.046526022,-0.05579829,0.03701823,-0.056246534,0.055383664,-0.00096285436,-0.03955602,0.024136055,0.021421636,-0.004219222,-0.054624576,-0.040859103
-0.020521075,-0.01981181,0.023997728,-0.019274369,-0.009124467,-0.009199166,-0.027695958,-0.07235322,-0.043214817,-0.020881826,-0.0071961894,-0.054270647,0.02269507,0.0038504559
-0.013008576,-0.04305092,-0.07543914,-0.024959488,-0.045905124,-0.07474101,-0.07973616,-0.06822737,-0.005385771,-0.056478906,-0.066922255,-0.053897694,0.03362046,0.024115229
0.0502833,0.0431899,0.07206374,0.04752794,-0.05472774,0.014903095,0.08030766,-0.02529031,0.013087617,-0.01979382,-0.059691947,-0.050175365,0.07120087,0.07229825
-0.022272956,-0.029840544,0.040325,-0.019861756,0.052069627,-0.036126666,-0.051622506,0.01916249,-0.028219035,0.0627532,-0.018441407,0.045053802,0.048065603,0.013538058
0.055276833,0.00062485074,0.042582028,-0.014256775,0.053756014,0.043772556,0.044383798,0.05320145,0.06345417,0.041245658,0.048440613,0.045984834,0.010889907,0.050120737
0.010790379,0.0020814356,-0.023736835,0.026354706,0.018226918,0.045990452,0.028165152,0.008741002,0.028813757,0.0380646,0.009099926,0.03143906,0.0602611,-0.04523819
-0.05996159,-0.029461524,0.04778445,0.047285363,-0.02694491,-0.0071848137,-0.06254512,0.0091959145,0.061469615,0.015694888,-0.00423693,0.05224594,0.047425974,0.028754871
-0.048153967,-0.061456855,0.058740582,-0.009339335,-0.008976839,0.011310235,-0.0016896371,-0.05965866,-0.017712232,-0.003531719,-0.027583921,-0.011641824,0.021681918,-0.046524208
-0.05117111,-0.028975375,-0.03288899,0.026696755,0.03504112,-0.03459279,-0.017877106,-0.030852694,0.0045424723,0.033429902,0.034178473,-0.021680163,0.0022309185,-0.02105739
0.013357616,0.03133866,0.039380394,0.041931022,-0.03029564,-0.05911066,-0.023817781,0.06978697,0.058964197,0.008730517,0.014190367,0.051397577,0.010615664,-0.04042071
-0.05840282,-0.062901765,0.017950483,-0.05504103,-0.058569442,0.029143611,-0.045869652,-0.022620715,-0.038803656,-0.0029025413,-0.06439109,-0.06985284,0.010103055,-0.005652666
0.03465839,-0.026376879,0.029760083,-0.05877198,0.050137825,-0.0019425171,0.081104845,0.055746254,0.07479836,0.03593539,-0.046655666,0.024786724,-0.05742038,-0.04439156
-0.053525023,-0.0549358,-0.03656451,-0.030014947,-0.041881047,-0.03599134,-0.020245213,-0.060145862,-0.059318777,-0.049151625,0.01204936,-0.021685457,-0.036798548,0.045448095
-0.03524595,-0.05814178,-0.0714606,0.07321501,0.032396447,-0.07579017,-0.05750636,-0.043397196,0.00322534,0.0304757,-0.0037348892,-0.011894113,-0.052823562,-0.048182733
0.023162335,0.022601815,0.06421126,0.017742895,0.048538037,0.055374417,-0.0054292637,0.01153936,0.015534094,-0.02879438,0.06521681,0.055169865,0.057860475,-0.012589872
-0.014893781,0.05727681,-0.0577269,-0.03344651,-0.05433401,-0.050634127,-0.06819392,-0.04521621,-0.059595253,-0.075388566,-0.06969037,-0.061480463,-0.018234199,-0.014202765
-0.075534515,-0.03875879,-0.054211922,-0.036173742,-0.07121202,-0.0540053,-0.020668466,-0.06647566,-0.07305772,-0.07880199,-0.065493844,-0.079228446,-0.028253516,-0.07904914
-0.043691874,-0.05561699,0.04572827,-0.0070163338,0.046813622,0.032151047,-0.019434646,0.02871901,0.019753935,0.018791437,0.039531928,0.04421514,0.0065468843,-0.0025938535
-0.06474936,-0.049636576,-0.0733017,-0.044233546,0.0020167036,-0.061385747,-0.067000814,-0.074501134,0.039391275,-0.047928415,-0.066628456,-0.075278744,0.013927772,-0.06899948
0.03850589,-0.041890536,0.06476815,-0.06691186,-0.025999585,-0.014058756,0.028028121,0.02716971,-0.03768757,0.02241612,0.015863962,-0.020723397,0.018643742,-0.012172778
0.031387378,-0.024696212,0.05651323,0.032082718,-0.06967534,0.058856435,-0.014791206,0.0002915872,-0.06008037,0.012540349,0.027354727,-0.018789822,-0.057578716,-0.049738236
-0.0063863927,0.037871435,0.027363284,-0.027741179,0.011351605,0.0007334059,0.05371341,0.04016009,-0.001610848,0.04149925,0.06146582,0.016406693,0.01436558,-0.0248691
-0.04808949,-0.008754793,0.06399022,-0.0076254313,0.010206303,-0.055548657,-0.046748303,0.008209997,0.022733215,0.00083193637,0.059008826,0.016434327,0.038335394,-0.04519648
-0.0103487,-0.07000282,0.03009034,0.050947957,0.036391232,-0.010946912,0.029452872,0.026554236,-0.014193802,0.014834967,-0.011050019,-0.07035867,-0.030012233,0.035586715
0.03354121,0.053962182,0.04604371,0.0004342208,0.042877033,0.046595637,0.00021887266,-0.047149807,0.053855896,-0.011593028,0.06561532,0.042683613,0.024191333,-0.045863327
0.009118118,0.01660169,0.049618356,-0.07528825,0.030213201,-0.06387337,-0.053024936,0.012008091,-0.027422702,-0.0043512047,0.013311024,-0.02393543,-0.075015105,0.0037608896
-0.05778403,-0.008953735,-0.032406967,0.03932452,-0.014321023,-0.0025891399,-0.050513443,-2.3255505e-05,-0.0137641085,-0.051274158,-0.014096192,0.02526626,-0.014310939,-0.011401425
-0.06695609,-0.07685733,0.072991304,-0.07327532,0.012036478,-0.07150941,-0.04965111,-0.061521653,-0.026849965,-0.031319845,-0.04529059,-0.023245579,-0.07365069,-0.07248582
-0.070801646,-0.049615294,-0.039975896,0.0762504,0.029101929,-0.01479174,-0.026077863,-0.06657815,-0.018377904,-0.03904005,0.04325109,-0.014331031,-0.025485942,-0.045093052
0.023690296,0.014748465,0.00016388131,-0.013939845,0.046254966,0.062149256,-0.026488904,0.029024934,-0.0052258587,0.009259754,-0.024829365,0.02124601,0.0279234,-0.024708422
-0.023151856,-0.016149024,0.041541647,-0.023497857,0.022270702,0.015486155,-0.011875741,-0.030933285,-0.016166996,-0.0077759963,0.037283566,-0.02605821,-0.028581016,0.03530899
0.02816044,-0.047351066,-0.058792472,-0.049770404,-0.04590497,-0.0358169,0.025610633,-0.061124545,-0.02189756,-0.026566466,-0.06378425,-0.059668053,-0.01099248,-0.050589126
-0.045356862,-0.052782957,-0.0657502,-0.03199538,-0.010655212,-0.065405004,-0.05338706,-0.048031513,-0.054417014,-0.06965332,-0.025217392,-0.043070115,-0.019742543,-0.03943102
0.042539913,0.060013387,-0.004824964,-0.042042594,0.061638013,-0.004567623,0.014467239,0.06136909,0.034754846,-0.028261304,0.023496784,0.0642163,0.033223607,0.06636579
-0.014497342,-0.04331569,0.034684,0.014967958,0.015469949,-0.010483362,-0.005042406,0.01784165,0.040846866,-0.043670725,-0.014154348,-0.0056524575,0.026354419,-0.024356518
0.048478846,0.053621307,0.077230655,0.01568222,-0.05829533,-0.065214545,0.08358471,0.06407059,0.06748045,0.067909315,0.053056628,2.449295e-05,0.067793794,-0.029426923
-0.06861358,-0.036409378,-0.06678792,-0.044160217,0.01414129,-0.031083493,-0.07739283,0.04498681,-0.006973042,-0.024853904,0.030605659,0.018211707,-0.06819775,-0.015333536
0.03492402,-0.0044155978,0.0022762243,0.025146168,0.040790644,0.05979634,0.03497119,0.0589332,0.033979595,0.0064530447,-0.059913475,0.037208676,-0.048666783,0.06476549
0.0049975216,-0.060591288,-0.050059754,0.0024006758,-0.012622332,0.0684337,-0.045250773,0.019158093,-0.028366243,0.005388452,0.062584884,-0.02206566,-0.055265058,-0.07584678
0.06836944,0.03536968,0.031112863,0.006771004,0.0033847142,0.010742359,0.06547878,0.04208602,-0.020469395,0.069162205,-0.021657683,-0.023915604,0.0123854745,0.040408805
0.018064678,-0.050035093,-0.040905707,-0.023241566,-0.02759979,0.039709195,-0.0058013415,-0.045672752,0.0072446866,-0.015787257,-0.050979935,-0.032258816,-0.06310414,0.05610978
-0.016443104,-0.07896569,0.026166718,-0.06599932,-0.0054993513,-0.056873918,-0.06503745,0.00018926858,-0.037538793,0.07252275,-0.014233743,-0.05903169,-0.045900904,0.024720468
0.05338492,0.00090495206,-0.0035792694,-0.010568843,-0.048759233,-0.0189396,0.044510357,0.044051025,0.029059961,0.035192996,-0.023600314,-0.029986568,0.027855532,0.030309414
-0.063195325,-0.078720324,-0.020677624,-0.05187661,-0.07914792,-0.075171806,0.009817809,-0.05023082,-0.031366535,-0.07088008,-0.07731265,-0.0792868,-0.07662697,-0.03616878
0.0092228595,-0.062492024,0.002838771,-0.062315874,0.0013029354,-0.042415276,0.021747764,-0.027795576,0.00053193653,0.033349093,0.017258052,-0.0162135,0.0451432,-0.02651732
0.053482573,0.06771537,0.043299563,-0.004764509,-0.025631027,-0.06185875,0.05856918,0.070276216,0.062080167,0.0016170269,-0.045449924,0.0032230665,0.02630059,0.029837176
0.054656938,-0.004776185,0.060958758,-0.043339424,0.0135991145,0.0064301565,0.05886692,0.05992784,0.034256022,0.011973423,0.023630891,0.0477566,0.037924036,0.060772922
0.002567633,0.0036587985,0.02067657,0.03866848,0.058202736,0.046814002,0.025953786,0.05463684,-0.027749376,-0.001783431,0.043969925,0.044897087,-0.0107875215,0.02317747
0.026303824,-0.017532801,-0.04025794,0.012684765,0.030608505,0.045150492,0.027787503,-0.014436213,-0.010260041,-0.0056997,-0.025312817,-0.0085778665,0.013790831,-0.006022613
0.06813778,0.0713263,0.04291702,0.055634916,0.07158121,0.066183,0.07111166,0.06802164,0.047712002,0.07019353,0.07078084,0.06707802,0.0676452,0.0163177
-0.024339033,-0.06053042,-0.06403446,0.05766701,0.054746907,-0.06311448,-0.017918486,-0.051954407,0.015521326,0.0069890134,-0.048364215,0.007767011,0.050526466,-0.051031936
-0.034350198,-0.010600029,0.031921554,0.0702386,-0.0057343463,-0.0051066824,0.010723084,0.052761097,-0.06561384,0.040507734,-0.037170067,0.02016849,0.06271314,0.041619997
-0.014215915,0.017318137,-0.009361696,-0.009319865,0.05289082,0.019443823,0.032743447,-0.010679158,0.022989547,-0.016649025,-0.014161916,-0.044788793,-0.043227516,-0.07502821
0.047001045,-0.020354034,-0.033656344,0.06352094,0.03382739,-0.020899499,0.003868792,0.015698552,-0.0045394916,0.03732218,0.060317244,0.07404749,0.03905961,0.014204583
0.041099872,-0.010658532,0.028150683,0.03770078,-0.047035515,-0.051320307,0.03698274,-0.0300483,-0.05188752,-0.020111812,0.03035967,0.006666566,0.008322266,0.020345123
-0.06469581,-0.05413372,-0.025347829,0.06514739,-0.035073366,-0.00609204,-0.0464192,-0.0727946,-0.077081665,-0.020378228,-0.015088577,0.027636835,-0.010702605,-0.06439255
0.07376983,0.034287374,0.05426555,0.051024973,0.052066267,0.020572752,0.07187046,0.045038085,0.04826516,0.056145508,0.05940129,0.01762718,0.06400792,0.035152495
-0.068166055,-0.025787385,-0.03223718,-0.046742883,-0.045876898,-0.04765823,-0.06972915,-0.048451144,-0.02815262,-0.04731777,-0.041701764,-0.045950506,-0.061166644,-0.06328707
0.0034172477,-0.029713897,-0.015588385,-0.044823606,-0.004571106,0.0037649737,-0.03342937,0.001516145,0.039466478,-0.046211645,-0.034035217,-0.06831078,-0.025895694,-0.029685486
0.019424854,-0.06801974,-0.064232156,-0.057703316,-0.054623026,-0.075585276,0.03335901,-0.03222631,-0.02425905,-0.056343902,-0.06437394,-0.07280436,-0.018223118,-0.04682154
0.025329271,-0.03456885,0.038137503,-0.02569428,-0.027468398,-0.07690914,-0.001148392,-0.012664053,-0.045767084,0.019246846,0.059750345,-0.025690014,0.014097063,-0.060961824
0.060207468,0.06070506,-0.025368672,0.052450478,0.038314868,0.062455613,0.04262187,0.0082399035,0.026260367,0.04844406,-0.0054746876,-0.044849735,-0.051192347,0.0548104
-0.019705564,0.01356128,-0.054982785,0.062145483,-0.0553764,0.05869034,-0.034413606,0.05452144,0.026505448,0.064454496,0.004560518,-0.03140854,0.034350354,-0.0481219
0.064069055,0.060464326,0.023927422,-0.021710265,0.017892366,0.015520068,0.0053756754,0.020360682,0.00897403,0.026758296,0.015610077,-0.022509353,0.009358234,-0.049022593
0.016041823,-0.040588528,0.007884202,0.04027709,0.04323705,0.03149451,0.045458034,-0.018624622,-0.059926193,0.039239082,0.03999826,-0.015496765,-0.0022404033,0.05074154
-0.025778074,-0.047132872,0.026755556,0.026334679,-0.03416126,-0.011166972,0.0074725607,0.011140827,0.04498402,-0.011356877,-0.0027848731,0.019987773,-0.027983755,0.022389796
-0.008302287,-0.019305198,-0.017756607,0.0050229193,-0.037882246,0.039176047,-0.013419822,-0.062043965,-0.07592612,-0.041681834,0.018939387,-0.029639054,-0.057166558,-0.06282747
0.032544218,0.03878403,0.047086183,-0.07214095,0.055054475,0.0486742,0.019773846,0.04857944,-0.026934031,0.048309505,0.01071568,-0.0051726885,0.06255161,-0.027334869
0.04931479,0.03856632,0.033981275,0.0462889,0.006207654,-0.04239388,-0.04199302,0.026121587,0.05281334,0.007185395,0.06376847,0.03006645,0.043049544,-0.018488856
0.048457343,0.01816129,-0.032593712,-0.08008023,0.013394095,0.074388966,0.014542942,0.061001252,-0.029903583,-0.032239407,-0.037520114,0.012049589,-0.030259604,0.01475424
-0.037974965,-0.06366496,-0.049069606,-0.0041194353,-0.057096522,-0.05349651,0.01015624,-0.041327816,-0.025503457,-0.05670838,-0.075020246,-0.061166212,-0.0011375531,-0.07245307
0.03196594,0.06740269,0.0342284,0.06868988,-0.032005653,0.023302529,0.0109453965,-0.04395604,-0.042449035,-0.037438214,-0.046666596,0.016832652,0.040135335,0.048367288
0.022868937,0.028981777,-0.020095663,0.009250283,0.0537342,0.004920057,-0.031465042,0.026266526,0.03089686,-0.07822058,0.04114667,0.052888744,-0.034856584,-0.022380553
-0.014139461,0.03399659,0.03552806,-0.07560914,0.03529305,-0.021013923,-0.024214473,-0.0022875448,-0.04204285,-0.034001935,0.044620365,-0.03017877,0.050679795,0.07819659
0.046791032,0.006488221,-0.023942836,-0.062314153,-0.06657579,-0.037398234,-0.0041112513,0.038941663,0.031768892,-0.05263522,-0.04052303,-0.020864362,0.03630005,-0.075163774
0.07268762,0.0063999714,0.048448175,0.03665767,0.07566696,0.07782443,0.06394183,0.012366479,0.055273127,0.01848126,0.05959076,0.0610325,0.056762435,0.01882905
0.052494332,0.056706782,-0.01379661,0.05108256,0.053330075,0.03161954,0.042882904,0.06762933,0.06621975,0.068386525,0.02798522,0.0643401,0.055699185,-0.03236651
0.05919921,0.0158649,-0.008028624,0.035173174,0.0032497603,-0.049072217,-0.028742174,0.0012261679,0.016411113,-0.017420758,0.050008573,0.011028722,0.02901794,0.0418259
-0.08246273,-0.06341812,-0.064684875,-0.04704068,-0.05147604,-0.064550504,-0.085044675,-0.07276319,-0.051609594,-0.08022804,-0.074422844,-0.055952035,-0.07491878,-0.056425888
-0.008991955,-0.043958906,-0.05132375,-0.07331183,-0.02768746,-0.051044736,-0.028116487,-0.03942226,-0.03037064,-0.04665238,0.0029865634,-0.047638193,-0.008048956,0.05423136
-0.038643964,-0.0641144,-0.017970487,-0.05366728,-0.037354626,0.018086642,0.005623488,-0.008164185,-0.018702146,0.008986646,-0.01346894,-0.041832417,-0.0117850145,-0.020130284
0.02893229,0.014670819,0.05264042,0.05255582,0.04599058,0.061945323,0.031239968,0.0098528555,0.060772166,0.049281713,0.066618934,0.06771144,0.061549325,0.038648512
-0.04821343,-0.0045669856,-0.036492683,0.046834704,-0.066275984,-0.01608893,0.016510772,-0.02466533,0.0073777777,-0.03351518,0.017618002,-0.0367332,-0.024337368,-0.040343873
0.07832155,0.06548012,0.055270538,0.06296326,0.052351143,0.056366026,0.044631165,0.063203976,0.06525718,0.011385386,0.045393433,0.033268988,0.017469827,0.01012196
0.026477098,-0.006545317,-0.017072836,-0.023556303,0.059387177,0.06868745,-0.028793383,-0.004292869,0.036828786,0.0628758,0.0115952,0.025822405,0.07137051,-0.0498697
-0.039929956,0.026086515,0.020158684,0.050917353,-0.03371039,0.03902646,-0.05556992,-0.034508258,0.04373135,-0.038712397,-0.02319008,-0.039417095,-0.019191397,-0.038439848
0.04804576,-0.044296484,0.050238777,0.06282252,0.06353652,0.0416591,0.004416462,-0.03805174,-0.009171928,0.017212538,0.019649228,-0.02266196,0.009089814,0.025158945
-0.017801194,-0.03462096,-0.028158579,-0.06868129,0.0067619346,-0.022221098,-0.018422028,0.0006584345,-0.004236935,-0.04077052,0.013156595,-0.046863325,-0.0069770897,-0.07791232
-0.05835039,-0.02825842,-0.03892094,-0.046918437,-0.011429947,-0.0012684978,-0.07391831,-0.041690614,-0.028843548,-0.06397469,-0.024950074,-0.0604307,-0.07133508,0.03174956
-0.0077685765,0.02942838,-0.0467708,0.02648176,0.06654203,0.016261388,-0.008683845,0.023496425,-0.027521173,-0.024572968,0.04426489,-0.0119668655,-0.011633529,-0.032990634
-0.064590365,-0.068240345,-0.03056824,-0.06646688,-0.023842545,-0.05275293,0.02733621,0.061019015,-0.022405379,-0.048070513,-0.060088355,-0.07075652,-0.073410854,-0.008433563
-0.014375415,-0.034819752,0.027826915,0.078038536,0.0117814755,0.015701631,0.0029120923,0.008589053,0.028959446,0.03617386,0.02384637,0.029444078,0.06321572,0.063332304
0.034691297,-0.035607997,-0.017664602,0.031466283,0.058035098,0.0037302817,0.030003635,0.004439293,-0.0669677,-0.0082740355,-0.0350662,-0.04501725,0.056571584,-0.017434785
0.057966854,0.017009243,0.058510683,0.041574243,0.033747993,-0.046111308,0.020788902,0.0631165,0.056867544,0.02359023,0.061154157,0.054118644,0.008849829,-0.02782404
-0.05391961,-0.051891427,-0.018759549,0.061798204,-0.020838663,0.023500582,-0.032031164,0.021676831,-0.06544616,0.002629372,0.00461566,0.04599694,-0.06262088,0.0057780715
0.0683862,0.07554138,0.038378913,0.017555201,0.06680651,0.07757229,0.06799545,0.06958357,0.08072151,0.050100297,0.060819466,0.07196184,0.037914544,0.06483512
-0.032846667,-0.022745078,0.0067269825,0.039096992,-0.0346108,0.030889744,-0.05078371,-0.035299543,0.03879919,0.005988726,-0.036351543,-0.019638514,-0.044902977,0.053686168
-0.004456438,-0.007962378,-0.04632236,0.050381828,0.03056983,-0.028620284,0.05770944,-0.04962601,-0.05373034,-0.025241375,0.040413618,0.0047755917,0.007921419,0.043043844
-0.03546097,-0.042727068,0.06059987,-0.0772296,-0.011574654,0.012262259,-0.052832775,-0.017510226,-0.056058753,-0.06262367,-0.05751879,-0.055273596,0.067801625,-0.01070038
0.026247524,0.05418413,0.06973941,-0.035163023,0.058747273,0.049143612,0.0066373968,0.072921194,0.07522445,-0.02123439,0.06999531,-0.009694137,0.07000331,0.036401577
0.009066967,0.020395786,0.0028359122,0.05489709,0.056334216,0.021042367,-0.003036136,-0.004628266,0.042676732,0.012831023,0.032644425,0.0179089,0.011617071,0.058954567
-0.08236778,-0.08016531,-0.054893717,-0.002078383,-0.064763695,-0.047817998,-0.08496536,-0.06682973,-0.05947216,-0.08034216,-0.069864124,-0.05675807,-0.07741582,-0.0813979
-0.023736527,-0.05310395,-0.049856357,-0.043250933,-0.036709234,0.050620716,0.004424039,-0.07144259,-0.0244507,-0.03754607,-0.04703552,-0.04319747,-0.06448706,-0.011326427
-0.07437413,-0.06524032,-0.053770386,-0.07540279,-0.058011077,-0.06429055,-0.06660091,-0.04123423,-0.03081907,-0.05994523,-0.051249187,-0.05652015,-0.043630347,-0.051575452
-0.030292636,-0.0017252532,-3.7945947e-06,0.01199215,-0.028092057,0.031685814,0.044774514,-0.023829376,-0.020746848,0.0015722213,-0.01447944,-0.011350919,-0.011816669,0.0013364176
0.020096473,0.0623969,0.053282008,0.024882408,0.056732446,0.03277554,0.058857057,0.058265023,0.04116236,0.058339294,0.028513355,0.039119404,0.041815966,0.014614538
0.0018279869,-0.028445939,-0.068434894,-0.0476115,-0.04260865,-0.010268916,0.015084627,0.027363518,-0.05578186,0.03773018,0.040168457,0.058441725,-0.06818255,-0.020494781
-0.022961287,-0.0432137,-0.01365734,0.0018963992,-0.009636724,-0.06485607,0.002746021,-0.05571195,-0.04917829,-0.007143944,0.026805947,-0.06026048,0.00257968,-0.027410444
-0.007548231,-0.06805527,-0.060929906,-0.062072404,0.0045858435,-0.02826374,0.008679472,-0.054426536,-0.045360822,-0.0058587063,-0.023813605,0.00039749252,-0.038857806,-0.074811645
-0.026167722,0.02142495,0.013307975,-0.053315036,0.020204287,0.010361437,-0.0034362075,0.04584748,0.025721049,-0.0038774186,-0.013150487,0.044971213,0.039414085,-0.034940068
0.048554473,0.06280117,-0.0016261113,-0.035246443,0.062684454,-0.0024098523,-0.02300989,0.06374393,0.06744044,-0.03481294,0.07492471,0.037410017,0.050138462,0.05938062
0.042197485,-0.018078452,0.035525307,0.07865134,0.036517426,0.038312722,0.054379746,-0.002763093,-0.06588508,0.028295431,0.056126267,-0.0050296765,0.024267688,0.03644233
-0.029452503,-0.054999527,-0.022898443,-0.043726955,-0.05843392,-0.028951118,-0.044356275,-0.038904104,-0.06290133,-0.04644697,-0.04690495,-0.075182945,-0.013666744,-0.06517143
-0.055301905,0.015841318,-0.041378997,-0.0046118726,0.019450795,0.03498552,-0.07629101,0.053084943,-0.023232888,0.023132754,-0.00014542999,0.04528927,0.009252509,-0.030924067
-0.043263953,-0.04570351,-0.065155275,-0.016557436,0.010730072,-0.019695254,-0.004010394,-0.06510389,-0.06890268,0.011494201,-0.022419728,-0.029004073,-0.018973693,0.021028465
0.005481686,0.04202559,-0.027095208,-0.02015294,-0.006110608,0.005669149,0.031223137,0.00951014,-0.009747077,0.0019296132,0.00447914,0.039569475,-0.02085079,-0.04665906
-0.044325724,0.07151183,0.0279578,0.061219584,-0.015424729,-0.030217765,0.041522354,0.02403786,0.041112296,0.021707539,-0.0012402824,-0.03126623,-0.020374762,-0.024807367
0.029082775,0.03032581,-0.045291495,0.06040708,-0.044122133,-0.050035447,-0.059695307,-0.06839856,-0.05840379,0.012974073,0.01805632,0.061708923,0.034860965,-0.053762324
-0.020188421,0.001649073,0.001953643,0.068969205,0.05057522,0.011430104,0.037918206,-0.028659284,-0.035802037,0.039927874,0.047500927,0.005918075,0.013653349,-0.044971477
-0.07390857,-0.070662424,-0.072008245,-0.05695172,-0.078152806,-0.025495727,-0.074571595,-0.065496966,-0.07719028,-0.063199975,-0.07063096,-0.06994365,-0.05260536,-0.045117788
-0.038399868,0.030369306,-0.020461122,0.05211837,0.0054047457,0.0746308,0.03323403,0.00030060633,-0.012750629,-0.017298263,0.0028987913,0.020265874,0.053802963,-0.0740696
0.036928993,-0.008402402,0.015376716,0.07061138,-0.010206632,-0.07832042,0.015760418,-0.06335904,-0.04791537,0.0057672705,0.038834747,0.02110644,-0.06263262,-0.06308145
-0.07472263,-0.052163363,-0.06886131,0.02804458,-0.04333095,-0.06500583,-0.08396353,0.027479108,0.019067055,-0.022816712,-0.015162542,-0.0056372928,-0.06087454,-0.07643145
-0.07922312,-0.07126329,-0.051078804,-0.019308826,-0.069718346,-0.06298563,-0.042514835,-0.07225976,-0.05895488,-0.055394832,-0.056779064,-0.05191938,-0.039136693,-0.04646212
0.052276235,-0.008267556,0.0022671584,-0.02827977,0.011824534,0.041797936,0.05860841,-0.051038906,-0.017078482,0.02812513,0.03368327,0.022736555,0.0017602106,0.029847652
-0.08147139,-0.08011129,-0.07814901,-0.08286245,-0.078199446,-0.08818147,-0.08314067,-0.07545668,-0.08868448,-0.08014066,-0.07746417,-0.081017286,-0.07812992,-0.08210029
-0.019706698,0.03810448,-0.03688279,-0.026921315,0.037528127,-0.0014524775,-0.017326767,0.018456412,0.05196518,-0.05268324,-0.015935924,0.0035948989,-0.032860138,0.07189992
0.06655615,0.004821605,0.065126695,0.06538414,0.02732072,0.07473963,0.07503674,0.029714882,-0.015293205,0.057152137,-0.061955255,-0.032312978,0.01988534,-0.01634108
0.0148047265,-0.0708645,-0.0037495247,-0.022558037,-0.061217096,-0.07774505,0.034180757,-0.0467554,-0.053161282,0.027506907,-0.043843523,-0.0647372,-0.074425116,-0.058895163
0.059442345,-0.0023840803,0.01687166,0.059994638,0.07032896,0.038010016,0.057099078,-0.062432505,0.051079117,0.03295183,0.036210984,0.066120654,0.00018291007,0.04850256
-0.039173685,-0.016900111,-0.024897452,0.04315642,-0.03298036,-0.055358082,-0.0677259,-0.065963015,0.009173938,-0.062969305,-0.04178263,-0.018096615,-0.028793227,0.009447199
-0.0707053,-0.035948507,-0.058951788,-0.037417006,-0.027766967,-0.03904413,-0.052007306,-0.055851858,-0.04015732,-0.056378216,-0.04813173,-0.011221158,-0.01226925,-0.04110892
-0.017123869,0.0026631977,0.0466522,-0.032382574,0.056604493,0.015605955,-0.05304411,0.05393724,0.019394184,0.038468454,0.051444206,0.021103552,0.013596777,0.003251715
-0.0049856137,0.00856859,0.005467156,-0.012031653,0.005905726,-0.040813673,-0.026222752,-0.011628245,-0.035293505,-0.056794263,0.028795285,-0.0114448555,-0.061293494,-0.031758126
