,bat,bear,bull,camel,cat,cow,deer,dog,dolphin,elephant,fox,giraffe,goat,guinea pigs,horse,kangaroo,lion,monkey,moose,mouse,pig,porcupine,rabbit,raccoon,seal,skunk,squirrel,tiger,walrus,whale,wolf,zebra
bat,1.0,0.3939638501830667,0.3460692949072437,0.3486761188699211,0.46809968495689613,0.4381917042376726,0.40538155272773924,0.40951818753869196,0.3001838196864519,0.44005029180554867,0.3029986092470218,0.2910618100869711,0.36639361568201445,0.2741790428304196,0.4150245887899502,0.43461081821629444,0.36290822417170665,0.41880026986425345,0.3813496310842479,0.4752874948001613,0.3975406084550157,0.35498576087683376,0.3529369451889157,0.38726382242544877,0.3164249988507172,0.369784321560622,0.4079860829209663,0.42824919113203985,0.3514892913582318,0.34163762159802646,0.3534658643869635,0.318904052088508
bear,0.3939638501830667,1.0,0.41193415316368553,0.2871714308529587,0.44500667196695654,0.4130222236077672,0.4216488221969117,0.4663633514869143,0.3092563001980576,0.39649424311597803,0.33643773287404644,0.3275603285352158,0.3397759881337339,0.20641954779359228,0.42628080272337043,0.41277544059289073,0.49098998469124777,0.3907333511416031,0.4232185385882663,0.31425263090970346,0.3496479711169338,0.39900608851584785,0.4226187196716358,0.3502466343148858,0.3869821700455114,0.36776421348516863,0.3344377150799053,0.45064463181478365,0.34063549502884993,0.4115603365788262,0.45870731247214325,0.29578793566529815
bull,0.3460692949072437,0.41193415316368553,1.0,0.4119479589404831,0.34616277501765347,0.5748645237509578,0.3059051215639792,0.38796400330304304,0.27452412899420064,0.4220968590321488,0.2907940528204799,0.31194095442591685,0.3589615869855193,0.24178819538881124,0.45887925981043587,0.2579657309684015,0.35005020569077594,0.3303038968427159,0.3069430289198163,0.30272809369776554,0.4213157461572703,0.3118392835693552,0.2153837304661299,0.20004949905631675,0.23106235105705875,0.3092338734977018,0.2610329015882631,0.466745967481761,0.34186569523187316,0.3299560413877334,0.45059901794074975,0.18459874780625007
camel,0.3486761188699211,0.2871714308529587,0.4119479589404831,1.0,0.30063290948288346,0.3863483297247613,0.3757306999395281,0.30891139673233914,0.2502695931099206,0.45114039099097203,0.24184202268567823,0.29230147267146644,0.3990303982739547,0.29390006602763297,0.3629060071485517,0.44642155706949516,0.3509270694110256,0.3828554225197188,0.43022215862476076,0.2274058639366534,0.41103938944216534,0.3531692019623185,0.31422813015908346,0.22089139294962645,0.2981737909055815,0.3173186817387853,0.376018979854849,0.33481056639649576,0.3688965430688971,0.43423367156446113,0.37520486117264595,0.34606432000509724
cat,0.46809968495689613,0.44500667196695654,0.34616277501765347,0.30063290948288346,1.0,0.439656971349769,0.3540836061549316,0.6237586471384383,0.31890766423068473,0.39623447898975495,0.3624940598009062,0.3102734080663536,0.4149459146235782,0.35790615164177164,0.5410541907858653,0.3636358232294976,0.4466597557853762,0.48323951608064475,0.3384368978159099,0.5705878206799911,0.4740017220612236,0.3533575571395292,0.5138495365970392,0.3066089196484503,0.24814122023359775,0.3118242260429689,0.40345632814966914,0.47262307215910226,0.29756272369830283,0.39241042308538165,0.4450804726348463,0.3422761682718114
cow,0.4381917042376726,0.4130222236077672,0.5748645237509578,0.3863483297247613,0.439656971349769,0.9999999999999998,0.42504163897274605,0.45768509059625595,0.37187206517952354,0.5324827007739854,0.3234681070005434,0.36090775638165584,0.4462952962890048,0.28082906220500825,0.553718575506538,0.4618331089817207,0.3127119209775133,0.43590996413990757,0.4045317840414482,0.3686655063979609,0.5070622125895836,0.3399041368308553,0.394221234125432,0.25595610568079075,0.23034333616889602,0.36435386746877796,0.3732778150070054,0.4270376554079458,0.35901493387615324,0.4499073348300273,0.4094228882625448,0.329960562406868
deer,0.40538155272773924,0.4216488221969117,0.3059051215639792,0.3757306999395281,0.3540836061549316,0.42504163897274605,1.0,0.4307981107271528,0.25438834885900796,0.45675649681734165,0.3880703149845055,0.4722835825422481,0.469227829993375,0.3188697409472536,0.48023339696372,0.42286552960864676,0.4111306679354074,0.343694673705236,0.5255163730957042,0.39601761971093064,0.3802832254908315,0.45823169237293715,0.4644780312091886,0.3550541778229639,0.2608273849244024,0.37362808734813724,0.441340579083525,0.3761201561100297,0.26231944773308535,0.3114257443512568,0.40465553982286284,0.3292532241633147
dog,0.40951818753869196,0.4663633514869143,0.38796400330304304,0.30891139673233914,0.6237586471384383,0.45768509059625595,0.4307981107271528,0.9999999999999998,0.3260914515703637,0.3763252222704041,0.373786817094927,0.3077847932465443,0.42981163001207556,0.3924030605776778,0.5956302529922726,0.355255768597992,0.3998824233523717,0.47577019843286483,0.351064055440393,0.49640468212011757,0.4517393647389836,0.32820355235899235,0.5229291283191161,0.2977543983311328,0.27859520992971043,0.322095717603773,0.34431348253054206,0.3767167053865218,0.29972540666781167,0.36834709244206687,0.5260397916643811,0.3251494129816912
dolphin,0.3001838196864519,0.3092563001980576,0.27452412899420064,0.2502695931099206,0.31890766423068473,0.37187206517952354,0.25438834885900796,0.3260914515703637,1.0,0.3468453403912162,0.3622254891957355,0.33305755730435505,0.34747209618373787,0.34390079540321206,0.3093313843262999,0.35300485022116557,0.30553250338115445,0.3925343718869613,0.254767432202322,0.3052856863665687,0.329797462561072,0.29839487449131186,0.2313681929399437,0.31946907798840474,0.31616963343569027,0.21389499891886787,0.21721287063695005,0.30678603016988815,0.40576354789746216,0.4600464255081005,0.2901190195552348,0.27770051519972716
elephant,0.44005029180554867,0.39649424311597803,0.4220968590321488,0.45114039099097203,0.39623447898975495,0.5324827007739854,0.45675649681734165,0.3763252222704041,0.3468453403912162,1.0,0.2394360447903221,0.531728714638023,0.40172024509206095,0.35163489063915243,0.47674290454230306,0.45821067424263706,0.5054773869069703,0.42282803284718273,0.403502809549807,0.36443333974853553,0.43346137360140713,0.4440091130351098,0.3923996086888202,0.38273224487143565,0.3258379705149679,0.39913092172481823,0.44429467389398836,0.5129783708043845,0.4767640784171736,0.43867916119731665,0.40470053390280136,0.39864545185674716
fox,0.3029986092470218,0.33643773287404644,0.2907940528204799,0.24184202268567823,0.3624940598009062,0.3234681070005434,0.3880703149845055,0.373786817094927,0.3622254891957355,0.2394360447903221,1.0,0.16150219567011148,0.35505951527391755,0.3075914203019111,0.3655050056377198,0.25202919864581164,0.3294483636397678,0.3304632358474866,0.3236300655965034,0.3698007612758838,0.30006334738686014,0.31031799181729824,0.36070939045061556,0.3315720226299048,0.18778351766716794,0.32946347906163487,0.34309680472710236,0.4030981827129967,0.2383669196535011,0.2354355351226557,0.502935057555179,0.3031763384155868
giraffe,0.2910618100869711,0.3275603285352158,0.31194095442591685,0.29230147267146644,0.3102734080663536,0.36090775638165584,0.4722835825422481,0.3077847932465443,0.33305755730435505,0.531728714638023,0.16150219567011148,1.0,0.37427731925912744,0.32135842264800263,0.3940845072146102,0.3852975689511675,0.40956229822556334,0.32872679793280657,0.3947861842038347,0.2636961081554672,0.2757907226155657,0.421133876845329,0.31110172143576653,0.294528198701001,0.2691171802405894,0.32443334038069427,0.32107511898688135,0.28767522025660197,0.44930299530517126,0.3579707977254978,0.31095928559847186,0.45287240751087066
goat,0.36639361568201445,0.3397759881337339,0.3589615869855193,0.3990303982739547,0.4149459146235782,0.4462952962890048,0.469227829993375,0.42981163001207556,0.34747209618373787,0.40172024509206095,0.35505951527391755,0.37427731925912744,1.0,0.33503663679037254,0.49924788152062205,0.3657818030026807,0.32645647666740574,0.4044180352401252,0.41185943339659725,0.3273602929763746,0.477598762904746,0.39257871828459545,0.4528086645567494,0.27428325769036377,0.30027478887355574,0.3453425769899885,0.4656372378742545,0.30017547660708965,0.2902672382090403,0.31958793027990295,0.42191649212721516,0.33391008435885583
guinea pigs,0.2741790428304196,0.20641954779359228,0.24178819538881124,0.29390006602763297,0.35790615164177164,0.28082906220500825,0.3188697409472536,0.3924030605776778,0.34390079540321206,0.35163489063915243,0.3075914203019111,0.32135842264800263,0.33503663679037254,1.0,0.4978203154626265,0.2521205749338138,0.2893622753929266,0.3062005658797349,0.31501897846377747,0.3380243184260654,0.5331558377136139,0.3763659671916715,0.5475563131601214,0.2797457983600624,0.18795362678741712,0.3424192280730647,0.27564641518675903,0.25165130589897444,0.30211667117669294,0.14730123552948393,0.28729173021549326,0.3762988003103218
horse,0.4150245887899502,0.42628080272337043,0.45887925981043587,0.3629060071485517,0.5410541907858653,0.553718575506538,0.48023339696372,0.5956302529922726,0.3093313843262999,0.47674290454230306,0.3655050056377198,0.3940845072146102,0.49924788152062205,0.4978203154626265,1.0,0.3554916269256536,0.4336705244069283,0.44289828211485616,0.42426994680379937,0.40555732524463384,0.4668289171707223,0.4300865536465741,0.581052644586334,0.3314388067139702,0.2956639030290753,0.3996483155813547,0.3187371817692606,0.39931938054551885,0.3415777265706508,0.373096201200791,0.43283179202234756,0.4197109013482966
kangaroo,0.43461081821629444,0.41277544059289073,0.2579657309684015,0.44642155706949516,0.3636358232294976,0.4618331089817207,0.42286552960864676,0.355255768597992,0.35300485022116557,0.45821067424263706,0.25202919864581164,0.3852975689511675,0.3657818030026807,0.2521205749338138,0.3554916269256536,1.0,0.3386896468843984,0.41933516040812835,0.4071926379337426,0.2840197731368852,0.33451761783450595,0.3754193191666102,0.4390671884728691,0.3708423086316277,0.29831144881207705,0.35706591016405387,0.37636863286726596,0.368159079074896,0.34894456522781325,0.36000153889734987,0.34632577069474224,0.38520711654356377
lion,0.36290822417170665,0.49098998469124777,0.35005020569077594,0.3509270694110256,0.4466597557853762,0.3127119209775133,0.4111306679354074,0.3998824233523717,0.30553250338115445,0.5054773869069703,0.3294483636397678,0.40956229822556334,0.32645647666740574,0.2893622753929266,0.4336705244069283,0.3386896468843984,1.0,0.5164601820131751,0.42454319669231655,0.34852980037941805,0.33592968847548876,0.3734621101780673,0.4088693968816257,0.3699812043866071,0.39528839737362564,0.2485377328091759,0.3141046314272058,0.5287590910179266,0.4217157512754952,0.40118469851742056,0.45399427098754863,0.447093092920974
monkey,0.41880026986425345,0.3907333511416031,0.3303038968427159,0.3828554225197188,0.48323951608064475,0.43590996413990757,0.343694673705236,0.47577019843286483,0.3925343718869613,0.42282803284718273,0.3304632358474866,0.32872679793280657,0.4044180352401252,0.3062005658797349,0.44289828211485616,0.41933516040812835,0.5164601820131751,1.0,0.38902437946976387,0.3754144797549199,0.4477383599620085,0.41132828685338274,0.4344960448604207,0.36107928279698087,0.2449422383199853,0.34673591414193494,0.35289400756097977,0.5143384437897713,0.32210467290168276,0.3343266597614982,0.406911482774425,0.46212249242086534
moose,0.3813496310842479,0.4232185385882663,0.3069430289198163,0.43022215862476076,0.3384368978159099,0.4045317840414482,0.5255163730957042,0.351064055440393,0.254767432202322,0.403502809549807,0.3236300655965034,0.3947861842038347,0.41185943339659725,0.31501897846377747,0.42426994680379937,0.4071926379337426,0.42454319669231655,0.38902437946976387,0.9999999999999998,0.4758675869412776,0.3645895745576859,0.4280120924454629,0.38819514470764305,0.34229174021356,0.33185263874162485,0.3748426733155453,0.3497650738973954,0.3292145621825544,0.43701849417811034,0.32820771888755174,0.4074902137788665,0.3698374515709818
mouse,0.4752874948001613,0.31425263090970346,0.30272809369776554,0.2274058639366534,0.5705878206799911,0.3686655063979609,0.39601761971093064,0.49640468212011757,0.3052856863665687,0.36443333974853553,0.3698007612758838,0.2636961081554672,0.3273602929763746,0.3380243184260654,0.40555732524463384,0.2840197731368852,0.34852980037941805,0.3754144797549199,0.4758675869412776,1.0,0.35284729083300026,0.33121391301041114,0.46924710705717265,0.2881334399722617,0.28234360663017755,0.23667601911549896,0.37931237901158066,0.3452885858934964,0.3653992845700127,0.29609137529974805,0.36715032212707066,0.28914532459047493
pig,0.3975406084550157,0.3496479711169338,0.4213157461572703,0.41103938944216534,0.4740017220612236,0.5070622125895836,0.3802832254908315,0.4517393647389836,0.329797462561072,0.43346137360140713,0.30006334738686014,0.2757907226155657,0.477598762904746,0.5331558377136139,0.4668289171707223,0.33451761783450595,0.33592968847548876,0.4477383599620085,0.3645895745576859,0.35284729083300026,1.0,0.46794923096494845,0.4573002274585949,0.3097101890166968,0.1972416836284181,0.38556903429473244,0.4043015698151394,0.3939748880147437,0.3331334045687706,0.39275616017333626,0.40170053230578895,0.2953145656929408
porcupine,0.35498576087683376,0.39900608851584785,0.3118392835693552,0.3531692019623185,0.3533575571395292,0.3399041368308553,0.45823169237293715,0.32820355235899235,0.29839487449131186,0.4440091130351098,0.31031799181729824,0.421133876845329,0.39257871828459545,0.3763659671916715,0.4300865536465741,0.3754193191666102,0.3734621101780673,0.41132828685338274,0.4280120924454629,0.33121391301041114,0.46794923096494845,1.0,0.3896686887183409,0.4257327026510722,0.2403560761728052,0.4591959395858811,0.5058395030984163,0.3974187947342329,0.44909457032579003,0.340343455062439,0.32604775152312393,0.4192348435866031
rabbit,0.3529369451889157,0.4226187196716358,0.2153837304661299,0.31422813015908346,0.5138495365970392,0.394221234125432,0.4644780312091886,0.5229291283191161,0.2313681929399437,0.3923996086888202,0.36070939045061556,0.31110172143576653,0.4528086645567494,0.5475563131601214,0.581052644586334,0.4390671884728691,0.4088693968816257,0.4344960448604207,0.38819514470764305,0.46924710705717265,0.4573002274585949,0.3896686887183409,1.0,0.3876621917130283,0.30008211672227836,0.4113300309550376,0.44196790705197786,0.3646574297153784,0.3317027123975138,0.33615581926090454,0.35854773555085595,0.3961042013470575
raccoon,0.38726382242544877,0.3502466343148858,0.20004949905631675,0.22089139294962645,0.3066089196484503,0.25595610568079075,0.3550541778229639,0.2977543983311328,0.31946907798840474,0.38273224487143565,0.3315720226299048,0.294528198701001,0.27428325769036377,0.2797457983600624,0.3314388067139702,0.3708423086316277,0.3699812043866071,0.36107928279698087,0.34229174021356,0.2881334399722617,0.3097101890166968,0.4257327026510722,0.3876621917130283,0.9999999999999998,0.2681704736496453,0.5552248396312728,0.4584791706095823,0.28396470552408815,0.3925293281896931,0.2780869236964346,0.29444838867511036,0.35667605321132223
seal,0.3164249988507172,0.3869821700455114,0.23106235105705875,0.2981737909055815,0.24814122023359775,0.23034333616889602,0.2608273849244024,0.27859520992971043,0.31616963343569027,0.3258379705149679,0.18778351766716794,0.2691171802405894,0.30027478887355574,0.18795362678741712,0.2956639030290753,0.29831144881207705,0.39528839737362564,0.2449422383199853,0.33185263874162485,0.28234360663017755,0.1972416836284181,0.2403560761728052,0.30008211672227836,0.2681704736496453,1.0,0.2532900942145615,0.2678424245655189,0.26533997516057495,0.4771934446168724,0.42313812640175685,0.28096126018503076,0.3044683326882833
skunk,0.369784321560622,0.36776421348516863,0.3092338734977018,0.3173186817387853,0.3118242260429689,0.36435386746877796,0.37362808734813724,0.322095717603773,0.21389499891886787,0.39913092172481823,0.32946347906163487,0.32443334038069427,0.3453425769899885,0.3424192280730647,0.3996483155813547,0.35706591016405387,0.2485377328091759,0.34673591414193494,0.3748426733155453,0.23667601911549896,0.38556903429473244,0.4591959395858811,0.4113300309550376,0.5552248396312728,0.2532900942145615,1.0,0.39049729171144,0.36054753980781973,0.44789501560049594,0.2245075960297631,0.3733291149931035,0.3847718969437799
squirrel,0.4079860829209663,0.3344377150799053,0.2610329015882631,0.376018979854849,0.40345632814966914,0.3732778150070054,0.441340579083525,0.34431348253054206,0.21721287063695005,0.44429467389398836,0.34309680472710236,0.32107511898688135,0.4656372378742545,0.27564641518675903,0.3187371817692606,0.37636863286726596,0.3141046314272058,0.35289400756097977,0.3497650738973954,0.37931237901158066,0.4043015698151394,0.5058395030984163,0.44196790705197786,0.4584791706095823,0.2678424245655189,0.39049729171144,1.0,0.378229639138961,0.40642465067458666,0.3512711934601751,0.4213081540572725,0.3445890599384571
tiger,0.42824919113203985,0.45064463181478365,0.466745967481761,0.33481056639649576,0.47262307215910226,0.4270376554079458,0.3761201561100297,0.3767167053865218,0.30678603016988815,0.5129783708043845,0.4030981827129967,0.28767522025660197,0.30017547660708965,0.25165130589897444,0.39931938054551885,0.368159079074896,0.5287590910179266,0.5143384437897713,0.3292145621825544,0.3452885858934964,0.3939748880147437,0.3974187947342329,0.3646574297153784,0.28396470552408815,0.26533997516057495,0.36054753980781973,0.378229639138961,0.9999999999999998,0.28023823166553063,0.3667249913720707,0.4409789174609995,0.3613058677335992
walrus,0.3514892913582318,0.34063549502884993,0.34186569523187316,0.3688965430688971,0.29756272369830283,0.35901493387615324,0.26231944773308535,0.29972540666781167,0.40576354789746216,0.4767640784171736,0.2383669196535011,0.44930299530517126,0.2902672382090403,0.30211667117669294,0.3415777265706508,0.34894456522781325,0.4217157512754952,0.32210467290168276,0.43701849417811034,0.3653992845700127,0.3331334045687706,0.44909457032579003,0.3317027123975138,0.3925293281896931,0.4771934446168724,0.44789501560049594,0.40642465067458666,0.28023823166553063,0.9999999999999998,0.5132629709647644,0.35481839656125214,0.3904421703887171
whale,0.34163762159802646,0.4115603365788262,0.3299560413877334,0.43423367156446113,0.39241042308538165,0.4499073348300273,0.3114257443512568,0.36834709244206687,0.4600464255081005,0.43867916119731665,0.2354355351226557,0.3579707977254978,0.31958793027990295,0.14730123552948393,0.373096201200791,0.36000153889734987,0.40118469851742056,0.3343266597614982,0.32820771888755174,0.29609137529974805,0.39275616017333626,0.340343455062439,0.33615581926090454,0.2780869236964346,0.42313812640175685,0.2245075960297631,0.3512711934601751,0.3667249913720707,0.5132629709647644,1.0,0.3908828123730974,0.31092499623564807
wolf,0.3534658643869635,0.45870731247214325,0.45059901794074975,0.37520486117264595,0.4450804726348463,0.4094228882625448,0.40465553982286284,0.5260397916643811,0.2901190195552348,0.40470053390280136,0.502935057555179,0.31095928559847186,0.42191649212721516,0.28729173021549326,0.43283179202234756,0.34632577069474224,0.45399427098754863,0.406911482774425,0.4074902137788665,0.36715032212707066,0.40170053230578895,0.32604775152312393,0.35854773555085595,0.29444838867511036,0.28096126018503076,0.3733291149931035,0.4213081540572725,0.4409789174609995,0.35481839656125214,0.3908828123730974,1.0,0.4118690426958731
zebra,0.318904052088508,0.29578793566529815,0.18459874780625007,0.34606432000509724,0.3422761682718114,0.329960562406868,0.3292532241633147,0.3251494129816912,0.27770051519972716,0.39864545185674716,0.3031763384155868,0.45287240751087066,0.33391008435885583,0.3762988003103218,0.4197109013482966,0.38520711654356377,0.447093092920974,0.46212249242086534,0.3698374515709818,0.28914532459047493,0.2953145656929408,0.4192348435866031,0.3961042013470575,0.35667605321132223,0.3044683326882833,0.3847718969437799,0.3445890599384571,0.3613058677335992,0.3904421703887171,0.31092499623564807,0.4118690426958731,1.0
